pickup_datetime,passenger_count,trip_distance
2015-01-01,782316,6.458855805
2015-01-02,666661,40.499139785
2015-01-03,797933,19.506014892
2015-01-04,623954,25.238158505
2015-01-05,658176,6.060543921
2015-01-06,688365,5.25682011
2015-01-07,772969,5.136419899
2015-01-08,811443,5.239678081000001
2015-01-09,822016,72.91042049100001
2015-01-10,983869,8.663248728
2015-01-11,790163,72.88095494
2015-01-12,704296,5.488603299
2015-01-13,796217,5.269879285
2015-01-14,784678,5.435114572
2015-01-15,806087,5.553122268
2015-01-16,878317,5.521721344
2015-01-17,921463,5.560631785
2015-01-18,822045,5.7570740019999995
2015-01-19,624709,5.9955069739999995
2015-01-20,716201,5.497043183000001
2015-01-21,763184,14.329488946000001
2015-01-22,802454,24.216425557
2015-01-23,858287,69.458829241
2015-01-24,881147,12.710014256000001
2015-01-25,769395,9.870815146
2015-01-26,415642,5.22121243
2015-01-27,252673,4.60773869
2015-01-28,679756,5.362798352
2015-01-29,770083,5.428318152
2015-01-30,887478,5.310151611
2015-01-31,997580,14.380406604
2015-02-01,809258,55.299944339999996
2015-02-02,614080,49.666646584
2015-02-03,755321,39.47441129
2015-02-04,741249,5.392391659000001
2015-02-05,827595,-64.782512769
2015-02-06,874696,40.045086336
2015-02-07,931603,-77.016535684
2015-02-08,781253,10.012194253
2015-02-09,678267,59.817394444
2015-02-10,752185,7.76788282
2015-02-11,795807,22.260310005
2015-02-12,835942,18.239626919
2015-02-13,905242,77.142300776
2015-02-14,977869,5.778272578
2015-02-15,888118,7.57120472
2015-02-16,762198,6.006136397000001
2015-02-17,715227,23.388385778
2015-02-18,787265,5.51750528
2015-02-19,867118,9.016183267999999
2015-02-20,918630,19.364963937
2015-02-21,877866,5.5314362379999995
2015-02-22,757770,45.04486881
2015-02-23,783365,9.347467597
2015-02-24,800420,5.310842729
2015-02-25,797522,5.516594013
2015-02-26,848192,5.5342546299999995
2015-02-27,904328,6.59000507
2015-02-28,971408,5.627589797
2015-03-01,735959,31.424356675
2015-03-02,696461,29.599613144
2015-03-03,716526,26.905183567999998
2015-03-04,783259,51.983833882
2015-03-05,663819,27.716232452
2015-03-06,835062,24.348525194
2015-03-07,977805,36.630473894
2015-03-08,789077,14.302463211000001
2015-03-09,704302,18.404182014
2015-03-10,746722,58.308523877
2015-03-11,768976,32.618052577
2015-03-12,832479,5.697411048999999
2015-03-13,884731,18.999211357
2015-03-14,962191,5.716616195
2015-03-15,804809,27.074402191
2015-03-16,675144,47.075708848000005
2015-03-17,753396,5.47167581
2015-03-18,815269,5.5185824839999995
2015-03-19,814345,5.980641922
2015-03-20,848733,6.443085364
2015-03-21,907205,9.595175509
2015-03-22,824194,8.864013314
2015-03-23,704299,-38.921752987
2015-03-24,736119,5.581558525
2015-03-25,768511,44.195197887
2015-03-26,775369,6.788274228000001
2015-03-27,861413,6.328141698
2015-03-28,993236,9.023810951
2015-03-29,818434,7.90923948
2015-03-30,703988,21.890344704
2015-03-31,777452,21.567415982
2015-04-01,798613,140.65660977299999
2015-04-02,815501,29.014113358000003
2015-04-03,842155,5.812080652
2015-04-04,871197,5.669321932
2015-04-05,743813,6.454643476999999
2015-04-06,684798,6.012252667
2015-04-07,771400,29.195320645
2015-04-08,804462,43.165033050000005
2015-04-09,837517,5.708882851
2015-04-10,867535,29.049537422
2015-04-11,930742,5.819800013
2015-04-12,789361,16.602568614
2015-04-13,680675,28.208393328
2015-04-14,733176,5.71883056
2015-04-15,765890,8.96156259
2015-04-16,813822,61.490911249999996
2015-04-17,864333,15.040490191
2015-04-18,974774,37.893757207
2015-04-19,857088,17.678395333
2015-04-20,716423,103.86968726799999
2015-04-21,762650,28.742796382999998
2015-04-22,776352,52.522564536
2015-04-23,841767,43.467236156
2015-04-24,882669,87.68574553500001
2015-04-25,952970,6.193756721
2015-04-26,813068,7.599772924
2015-04-27,704135,67.932463213
2015-04-28,734714,17.069027732
2015-04-29,770322,34.321430434
2015-04-30,805948,62.775194416000005
2015-05-01,864852,6.128925938
2015-05-02,995130,68.76215730199999
2015-05-03,840802,24.89468953
2015-05-04,704758,5.948840598
2015-05-05,779008,5.7203689099999995
2015-05-06,802485,24.520061038999998
2015-05-07,804190,5.878636329
2015-05-08,834383,5.868142871
2015-05-09,916232,7.032587422
2015-05-10,791892,6.420895011000001
2015-05-11,718387,6.0104372900000005
2015-05-12,761860,5.80968765
2015-05-13,796403,5.84332249
2015-05-14,807084,9.386791494999999
2015-05-15,855936,6.159688642
2015-05-16,941919,31.773046733
2015-05-17,814572,6.63053211
2015-05-18,730028,6.097407619
2015-05-19,779908,37.885807406999994
2015-05-20,802755,6.111402432
2015-05-21,818942,5.922010706
2015-05-22,791687,13.176278967999998
2015-05-23,768022,25.797687536999998
2015-05-24,678118,32.539567254000005
2015-05-25,585942,8.932605728999999
2015-05-26,701219,5.953850413
2015-05-27,753678,41.898233228
2015-05-28,785527,5.896446296000001
2015-05-29,822282,5.886418706
2015-05-30,886242,8.429707365999999
2015-05-31,723626,77.784224198
2015-06-01,730862,9.511405604
2015-06-02,758054,14.148168301
2015-06-03,770582,5.722417341
2015-06-04,810149,25.878696083999998
2015-06-05,844937,60.737080135
2015-06-06,887597,31.371059762
2015-06-07,787908,27.959055329
2015-06-08,711577,8.242823785999999
2015-06-09,737313,55.741454669
2015-06-10,767666,20.685174817
2015-06-11,804315,8.816249841
2015-06-12,831121,44.944908797000004
2015-06-13,845633,13.230872680000001
2015-06-14,755131,6.395321272
2015-06-15,683620,5.915694138
2015-06-16,722302,5.7434989309999995
2015-06-17,770904,5.75121927
2015-06-18,777505,5.8303938660000005
2015-06-19,815541,5.905477397
2015-06-20,813657,5.880742831
2015-06-21,723544,7.158189229
2015-06-22,683742,6.0205973329999996
2015-06-23,735288,5.580882315
2015-06-24,748184,5.805083754
2015-06-25,767741,5.84178829
2015-06-26,796448,5.903242498999999
2015-06-27,888368,5.761367254
2015-06-28,682114,6.3831866
2015-06-29,655773,6.0198414929999995
2015-06-30,679053,5.739723087
2015-07-01,713032,9.223455109
2015-07-02,682269,5.848389268
2015-07-03,602876,16.952436851999998
2015-07-04,533264,6.179765036000001
2015-07-05,557192,6.689583403
2015-07-06,581543,31.455404508000004
2015-07-07,669442,5.700754203000001
2015-07-08,717276,5.621693203
2015-07-09,744089,13.502095636000002
2015-07-10,750692,5.868398462
2015-07-11,811336,5.956920523999999
2015-07-12,715358,25.100942527
2015-07-13,636736,7.957496717
2015-07-14,698719,5.686206778
2015-07-15,731513,5.775987722
2015-07-16,728266,5.971828822
2015-07-17,673478,6.110849630000001
2015-07-18,796733,6.409528791
2015-07-19,776790,20.004769525
2015-07-20,690003,5.923945493
2015-07-21,682947,5.809934575
2015-07-22,713895,6.256357595
2015-07-23,739182,5.9608584350000005
2015-07-24,757262,6.34375171
2015-07-25,777697,26.988837365000002
2015-07-26,690636,6.469697625
2015-07-27,635679,6.021021704000001
2015-07-28,703845,5.719915946
2015-07-29,740249,5.735295729
2015-07-30,721405,5.783705168999999
2015-07-31,754762,36.677699347
2015-08-01,782723,6.1233206
2015-08-02,692785,7.349194914
2015-08-03,641757,5.9705966329999995
2015-08-04,687504,8.493058356999999
2015-08-05,714863,5.844280998
2015-08-06,720717,14.472981008
2015-08-07,729151,57.961525502
2015-08-08,732586,6.271822956
2015-08-09,635544,6.637843011999999
2015-08-10,590500,6.155853571
2015-08-11,650091,24.820163999000002
2015-08-12,677751,10.221653442000001
2015-08-13,700049,5.939239742
2015-08-14,714463,6.366534047
2015-08-15,741498,6.130804148999999
2015-08-16,665770,6.5205982549999995
2015-08-17,619588,23.977251862
2015-08-18,674852,14.746429361
2015-08-19,694419,5.8670158919999995
2015-08-20,710535,5.931411891
2015-08-21,720325,31.727533239000003
2015-08-22,720261,6.183341269
2015-08-23,628618,6.624825025
2015-08-24,579937,12.864577361
2015-08-25,631063,10.661491933999999
2015-08-26,647375,10.443739098999998
2015-08-27,672135,5.98355177
2015-08-28,690479,6.068431161
2015-08-29,712120,6.125670383
2015-08-30,649723,6.484496098
2015-08-31,588561,6.105041037
2015-09-01,638630,5.840054296
2015-09-02,668454,5.896776247
2015-09-03,693245,6.2787698259999996
2015-09-04,685971,6.153504853
2015-09-05,666830,6.283288606
2015-09-06,607776,6.421509372
2015-09-07,551879,6.8803339470000004
2015-09-08,677317,5.9777996170000005
2015-09-09,715729,22.822881652
2015-09-10,734359,18.215230808
2015-09-11,762507,6.74660469
2015-09-12,846874,5.961243047
2015-09-13,739131,6.419870137
2015-09-14,630987,74.576261727
2015-09-15,682139,7.765198878
2015-09-16,724198,5.85696036
2015-09-17,745525,5.909463746
2015-09-18,792620,5.939180928000001
2015-09-19,864379,24.122667385
2015-09-20,761211,6.513864366
2015-09-21,646462,6.067507936
2015-09-22,657830,5.665025167
2015-09-23,656152,5.815033243
2015-09-24,583532,6.060551500000001
2015-09-25,688536,5.881044961000001
2015-09-26,838766,5.981133547000001
2015-09-27,727568,6.59813411
2015-09-28,590723,6.342746118999999
2015-09-29,649501,5.774609160000001
2015-09-30,691164,5.769527303
2015-10-01,722975,13.366378521
2015-10-02,778364,5.444293206999999
2015-10-03,800897,9.722260301999999
2015-10-04,701004,6.2951343909999995
2015-10-05,621547,9.813623154
2015-10-06,670337,13.769782103999999
2015-10-07,700502,5.822875569
2015-10-08,739428,5.874326771
2015-10-09,750452,5.86452726
2015-10-10,842150,5.95212886
2015-10-11,733784,6.459186612
2015-10-12,598912,6.4085631439999995
2015-10-13,679959,5.914811897
2015-10-14,703939,5.789433847
2015-10-15,735987,13.214759998999998
2015-10-16,793905,5.834649826
2015-10-17,892367,5.828763827
2015-10-18,768198,6.29653209
2015-10-19,659797,5.917418494
2015-10-20,677971,5.744082325
2015-10-21,700813,5.765838973
2015-10-22,740434,9.200411232
2015-10-23,793022,5.8204649790000005
2015-10-24,852487,12.796834887
2015-10-25,745595,6.389584098
2015-10-26,642842,5.966199666
2015-10-27,684113,5.623403485
2015-10-28,704933,5.418988797000001
2015-10-29,730475,5.861215416
2015-10-30,803539,5.792764129
2015-10-31,872615,5.985206196
2015-11-01,772235,6.6194330830000006
2015-11-02,625287,6.964297825999999
2015-11-03,652130,5.7334930889999995
2015-11-04,687688,5.6594577269999995
2015-11-05,727254,7.050539808
2015-11-06,772721,33.958067527
2015-11-07,863381,5.753346048
2015-11-08,752126,15.028348092
2015-11-09,631971,52.652095451
2015-11-10,678433,14.412622829
2015-11-11,664870,5.77104882
2015-11-12,729713,22.230071982000002
2015-11-13,789824,5.683413389
2015-11-14,870168,5.724348908
2015-11-15,731985,6.408460331000001
2015-11-16,617816,6.023578754000001
2015-11-17,681328,5.57738592
2015-11-18,694389,5.685868226
2015-11-19,721026,5.526794524
2015-11-20,779832,5.863148425
2015-11-21,853330,5.777770933999999
2015-11-22,721915,38.02172994
2015-11-23,661090,5.463942422000001
2015-11-24,678671,9.136093357
2015-11-25,672557,560.433982114
2015-11-26,493198,23.748563241
2015-11-27,540299,11.621480286
2015-11-28,677418,20.821772327999998
2015-11-29,639432,6.26706688
2015-11-30,620798,15.618774453
2015-12-01,673816,5.588934054999999
2015-12-02,681053,5.611469655
2015-12-03,747488,9.478411773
2015-12-04,793447,5.750773376
2015-12-05,873914,57.156285249999996
2015-12-06,760097,6.238313452
2015-12-07,664274,5.83251817
2015-12-08,682750,9.986028852
2015-12-09,701987,5.68201484
2015-12-10,733944,5.821777053
2015-12-11,792527,5.8235396260000005
2015-12-12,852699,5.780912151
2015-12-13,729385,6.304983953000001
2015-12-14,666537,5.648679937000001
2015-12-15,708964,5.742835234999999
2015-12-16,751820,5.608048814
2015-12-17,765107,5.675613139999999
2015-12-18,852441,5.7103485339999995
2015-12-19,901167,5.758861608
2015-12-20,750569,6.006282606999999
2015-12-21,635978,5.769835743
2015-12-22,654941,5.737103421
2015-12-23,641646,5.740331176
2015-12-24,589413,5.820258123
2015-12-25,391189,6.485115165
2015-12-26,482105,5.953612758
2015-12-27,532684,6.306736738
2015-12-28,576303,6.1506729799999995
2015-12-29,589558,5.705126718000001
2015-12-30,615274,5.746915244
2015-12-31,684676,5.68574599
2016-01-01,709820,6.498954231000001
2016-01-02,620360,5.918226463
2016-01-03,586837,6.339156826
2016-01-04,580140,32.879956153
2016-01-05,617549,10.324642864000001
2016-01-06,629858,5.4411651370000005
2016-01-07,656176,5.506412616
2016-01-08,720172,5.457696326000001
2016-01-09,776986,5.582763356999999
2016-01-10,669685,6.026870308
2016-01-11,612074,5.559450463999999
2016-01-12,655515,5.361520511
2016-01-13,705523,5.269872565
2016-01-14,708587,5.576786027
2016-01-15,733802,5.746636856
2016-01-16,794187,5.730550496
2016-01-17,728585,5.883909637
2016-01-18,626796,5.708753256
2016-01-19,687030,5.398796948
2016-01-20,681852,5.467448005
2016-01-21,716720,11.561732545
2016-01-22,768258,5.378731578
2016-01-23,147658,5.508106688
2016-01-24,309207,5.736721902999999
2016-01-25,521947,6.001259784
2016-01-26,595672,5.689673634
2016-01-27,647429,5.445188743
2016-01-28,691750,22.034202731999997
2016-01-29,760648,5.451210433
2016-01-30,840785,5.520016142
2016-01-31,688589,6.090875173000001
2016-02-01,609103,5.67281568
2016-02-02,647184,5.389602593999999
2016-02-03,666477,6.076729685
2016-02-04,705227,5.499500879999999
2016-02-05,748297,6.826611162999999
2016-02-06,822198,13.498101661
2016-02-07,717319,6.055375296999999
2016-02-08,613041,-4.319552713
2016-02-09,652096,5.334702939
2016-02-10,701321,5.354387818999999
2016-02-11,781585,5.323329133
2016-02-12,799214,6.62371634
2016-02-13,869184,47.636800134000005
2016-02-14,774119,9.384211303
2016-02-15,648349,5.7407701499999995
2016-02-16,650672,6.137243844
2016-02-17,691610,5.564034077
2016-02-18,738940,6.191214664
2016-02-19,773273,7.353346985
2016-02-20,819092,5.76863088
2016-02-21,712214,6.174393155000001
2016-02-22,615972,5.730871256
2016-02-23,709010,5.955570076
2016-02-24,715344,5.256493710000001
2016-02-25,740139,9.934360567
2016-02-26,798266,5.48939045
2016-02-27,848292,5.59661972
2016-02-28,696968,6.270068817
2016-02-29,618249,5.809140812999999
2016-03-01,662262,18.900643524
2016-03-02,725563,5.353989695
2016-03-03,767542,5.470500187
2016-03-04,791607,5.510671180999999
2016-03-05,869535,5.612079681000001
2016-03-06,730721,6.1521488259999995
2016-03-07,617181,61.128279378
2016-03-08,661843,5.54868317
2016-03-09,685958,5.664549378999999
2016-03-10,729062,5.79106274
2016-03-11,777692,5.759797484
2016-03-12,855120,6.464180073
2016-03-13,695435,6.359566666999999
2016-03-14,685580,11.798566253
2016-03-15,678404,5.595278234
2016-03-16,713339,7.670167727000001
2016-03-17,726711,6.5786002969999995
2016-03-18,801207,5.737942158999999
2016-03-19,848136,5.751095308
2016-03-20,741739,8.447966461
2016-03-21,616606,6.479258115
2016-03-22,659264,5.658431629
2016-03-23,685199,5.6974843150000005
2016-03-24,742943,5.714259364
2016-03-25,748496,5.849174335
2016-03-26,792222,27.964053336
2016-03-27,671937,6.298793619
2016-03-28,621248,6.682772185999999
2016-03-29,681056,6.312618229
2016-03-30,694661,5.642201208
2016-03-31,714257,5.768960764
2016-04-01,761279,5.694349108999999
2016-04-02,856371,5.679584383
2016-04-03,749088,6.060140956000001
2016-04-04,670928,6.282945538
2016-04-05,715016,27.092863473
2016-04-06,711145,5.513691106
2016-04-07,731252,5.615442404
2016-04-08,804592,5.6651447820000005
2016-04-09,881823,5.597973421
2016-04-10,744730,6.293018792
2016-04-11,633942,5.884129989
2016-04-12,694293,6.12818178
2016-04-13,701970,6.30947332
2016-04-14,744331,5.8748027
2016-04-15,791731,5.727174806
2016-04-16,875618,5.855849015
2016-04-17,754752,6.400889949
2016-04-18,634100,8.307560804
2016-04-19,672686,5.610840473
2016-04-20,701637,5.623802628
2016-04-21,693016,5.752166326
2016-04-22,714667,5.845315082
2016-04-23,762224,5.828451709
2016-04-24,686084,6.358279092
2016-04-25,593931,6.027891803999999
2016-04-26,662330,5.534621405
2016-04-27,669074,5.694807391
2016-04-28,717551,5.751827115
2016-04-29,763000,5.667541545
2016-04-30,814354,9.90667934
2016-05-01,725929,6.223297486
2016-05-02,634467,5.939212017
2016-05-03,712189,5.527899768999999
2016-05-04,724419,6.728184451
2016-05-05,763352,13.616843785
2016-05-06,800945,5.715749658
2016-05-07,834176,5.81759953
2016-05-08,717436,7.088495057
2016-05-09,621419,6.069037284
2016-05-10,666737,5.632745251999999
2016-05-11,681115,5.7103462050000005
2016-05-12,718040,6.608596042
2016-05-13,729310,5.8039923380000005
2016-05-14,841752,12.909249540000001
2016-05-15,778431,7.06677804
2016-05-16,676842,5.998817301
2016-05-17,713834,6.018509914
2016-05-18,689850,5.943746161
2016-05-19,735341,14.205186714
2016-05-20,761418,5.961629982
2016-05-21,841969,6.045427885
2016-05-22,703660,8.090745091999999
2016-05-23,617030,5.967440128
2016-05-24,660635,7.0132780729999995
2016-05-25,690108,5.717952394999999
2016-05-26,698718,36.709712446000005
2016-05-27,673417,5.89233316
2016-05-28,651886,42.411276977
2016-05-29,590606,6.368805342
2016-05-30,499085,6.686753640999999
2016-05-31,609725,5.896357325
2016-06-01,661523,5.647994013
2016-06-02,706762,5.67314093
2016-06-03,736202,5.758773111
2016-06-04,815754,5.954479256999999
2016-06-05,674288,6.329724141
2016-06-06,633662,6.097887878
2016-06-07,669158,5.6311362460000005
2016-06-08,685484,5.590369395
2016-06-09,703292,5.860007423000001
2016-06-10,730297,5.832672488
2016-06-11,748165,5.881810445
2016-06-12,632158,6.458124295
2016-06-13,607304,5.9656111119999995
2016-06-14,646136,5.757916519
2016-06-15,683568,5.725906024
2016-06-16,712639,5.8057288389999995
2016-06-17,711213,5.891575897000001
2016-06-18,717825,5.99461908
2016-06-19,635555,6.470170775
2016-06-20,600063,5.95499252
2016-06-21,648922,5.668408818
2016-06-22,668073,5.720310813
2016-06-23,698540,5.751359239999999
2016-06-24,711098,5.882727569
2016-06-25,749609,6.06159357
2016-06-26,640454,6.607973298999999
2016-06-27,644096,5.956400307
2016-06-28,615105,5.6635533119999995
2016-06-29,633546,5.795326799
2016-06-30,642495,6.124030663999999
2016-07-01,600857,60.03522541299999
2016-07-02,523107,53.826216507000005
2016-07-03,462324,77.598753329
2016-07-04,445382,50.757472412
2016-07-05,534858,61.673699868
2016-07-06,539721,58.218139647
2016-07-07,623556,44.734843192
2016-07-08,638089,45.438057838
2016-07-09,644563,59.774356697
2016-07-10,579404,73.881470995
2016-07-11,547213,51.993090651
2016-07-12,607027,53.635783497999995
2016-07-13,658852,43.278366268
2016-07-14,673019,53.996632913000006
2016-07-15,685713,61.044726268000005
2016-07-16,683067,48.65077514699999
2016-07-17,627603,56.51357792
2016-07-18,590467,49.61840293099999
2016-07-19,612453,48.589775545
2016-07-20,638853,53.837712016
2016-07-21,652105,57.735345631
2016-07-22,690234,53.984872159000005
2016-07-23,692422,44.178129279000004
2016-07-24,618473,55.465992121
2016-07-25,576905,42.62657624
2016-07-26,626570,159.587246677
2016-07-27,645138,47.994221886000005
2016-07-28,666142,46.25867633200001
2016-07-29,662847,63.789435008000005
2016-07-30,670405,49.32300181800001
2016-07-31,587567,112.28337446500001
2016-08-01,556237,48.503135232000005
2016-08-02,594419,67.114465581
2016-08-03,611399,141.786265382
2016-08-04,638699,93.470786557
2016-08-05,635591,47.82426506
2016-08-06,634999,67.507279403
2016-08-07,564737,56.11711173399999
2016-08-08,523238,48.897676229
2016-08-09,586913,79.62670376599999
2016-08-10,616552,49.156779504
2016-08-11,659747,55.861874366
2016-08-12,662571,46.44449749899999
2016-08-13,662073,48.34662924
2016-08-14,555199,64.62214429299999
2016-08-15,551994,47.115625138
2016-08-16,596104,50.833757467
2016-08-17,602319,49.007650836
2016-08-18,619397,53.519663048
2016-08-19,625094,43.843781599
2016-08-20,613792,80.288170589
2016-08-21,558276,73.518525842
2016-08-22,508265,49.868636187
2016-08-23,546717,42.391020301
2016-08-24,574841,44.850472735
2016-08-25,598320,45.424473768
2016-08-26,597191,53.215459802
2016-08-27,600482,44.335910289
2016-08-28,546421,50.745296248
2016-08-29,513682,44.038058483
2016-08-30,531970,44.283616496
2016-08-31,568386,48.68574507
2016-09-01,588413,48.105079941
2016-09-02,558165,48.690612058
2016-09-03,529323,52.393159323999996
2016-09-04,482469,45.217403157999996
2016-09-05,441592,55.163176944
2016-09-06,566157,47.955255598
2016-09-07,616822,50.476146924999995
2016-09-08,659634,50.546528243
2016-09-09,687660,57.366892228
2016-09-10,735775,55.05809763399999
2016-09-11,630043,55.080655275
2016-09-12,523590,48.427137459
2016-09-13,594743,49.885578527
2016-09-14,622423,52.596677419
2016-09-15,642051,57.685876047
2016-09-16,662998,140.50750284699998
2016-09-17,706648,84.790848905
2016-09-18,616940,143.55984756200002
2016-09-19,522983,407.84379422899997
2016-09-20,553367,61.056760852
2016-09-21,571874,72.404153843
2016-09-22,619476,55.775289233
2016-09-23,644754,46.84817897800001
2016-09-24,713497,43.050922054
2016-09-25,624280,50.95067151000001
2016-09-26,561379,95.636601239
2016-09-27,594152,47.059643971
2016-09-28,630263,41.68054746399999
2016-09-29,645350,46.520033679
2016-09-30,673207,42.885700760999995
2016-10-01,695638,58.56751430600001
2016-10-02,603168,47.12069282499999
2016-10-03,512616,53.686611279000005
2016-10-04,557029,53.912247101999995
2016-10-05,623803,55.821392040999996
2016-10-06,652936,56.909648336000004
2016-10-07,660826,45.327393088
2016-10-08,718781,47.12655775899999
2016-10-09,627413,56.302254814
2016-10-10,518591,50.535655747999996
2016-10-11,564211,42.950531877
2016-10-12,567264,60.917525114
2016-10-13,645104,51.044375781999996
2016-10-14,682777,43.958190314
2016-10-15,720668,74.390880404
2016-10-16,624171,57.424245365
2016-10-17,552589,52.48086675300001
2016-10-18,591186,88.314791751
2016-10-19,619714,47.447570222
2016-10-20,642996,51.344349488999995
2016-10-21,677189,63.465318412
2016-10-22,758037,45.639030462
2016-10-23,635958,59.656142859
2016-10-24,573797,52.50716013
2016-10-25,627314,47.12341315399999
2016-10-26,642862,50.431125079000005
2016-10-27,643056,59.652936188
2016-10-28,697145,51.799192202
2016-10-29,735465,50.173105061
2016-10-30,649958,65.926990668
2016-10-31,551334,44.140343923
2016-11-01,622816,47.093189312999996
2016-11-02,604308,48.072731059000006
2016-11-03,654548,42.50825199
2016-11-04,680418,43.320719438
2016-11-05,735607,48.504208678
2016-11-06,627179,46.6099145
2016-11-07,563721,49.864842905
2016-11-08,553067,60.69659924
2016-11-09,617699,43.855768283
2016-11-10,629105,46.542875781999996
2016-11-11,662673,48.247978979
2016-11-12,715417,46.92839194800001
2016-11-13,625314,57.193690915000005
2016-11-14,552994,52.75838296999999
2016-11-15,606441,42.938841807
2016-11-16,604802,43.814197121
2016-11-17,628566,43.995198627
2016-11-18,663530,47.148817673
2016-11-19,720638,43.457838618
2016-11-20,629227,41.868941609000004
2016-11-21,576254,47.323891411000005
2016-11-22,604224,51.341598933
2016-11-23,589390,54.680418887
2016-11-24,426593,47.185514655000006
2016-11-25,464887,44.021827571
2016-11-26,564186,48.386271072
2016-11-27,524883,52.188221997
2016-11-28,516958,49.143837992
2016-11-29,563014,44.409091202000006
2016-11-30,590476,39.237336618
2016-12-01,638908,40.977482904
2016-12-02,698026,51.665535414
2016-12-03,751081,55.262503343000006
2016-12-04,638327,52.114129278
2016-12-05,580021,63.691040505
2016-12-06,615260,47.05313087500001
2016-12-07,630749,76.509562616
2016-12-08,658948,50.175196954
2016-12-09,726395,47.992017352000005
2016-12-10,772569,60.158314647
2016-12-11,634264,48.405412717000004
2016-12-12,575310,60.38121102999999
2016-12-13,610068,46.37342361499999
2016-12-14,651582,44.690673607
2016-12-15,713142,44.122950222
2016-12-16,751661,48.358386835000005
2016-12-17,731774,52.909333944
2016-12-18,653076,59.442640802
2016-12-19,614259,77.98864250700001
2016-12-20,627342,47.713020156
2016-12-21,621274,53.036149515
2016-12-22,610085,59.43041264399999
2016-12-23,582106,44.6236794
2016-12-24,489882,43.541988057
2016-12-25,331117,52.926868428000006
2016-12-26,388665,52.504203249
2016-12-27,459821,46.07526545500001
2016-12-28,510892,40.347363523
2016-12-29,536801,49.370495745
2016-12-30,570752,46.567143830999996
2016-12-31,552500,44.63117272
2017-01-01,549625,64.698072648
2017-01-02,416170,54.01041670800001
2017-01-03,494718,47.615565288
2017-01-04,512056,44.524246293000004
2017-01-05,570116,51.39464303
2017-01-06,607663,39.488207516
2017-01-07,562808,45.255744468
2017-01-08,531197,67.625938252
2017-01-09,522801,47.406209634999996
2017-01-10,526101,41.558283928
2017-01-11,548745,46.338808776
2017-01-12,563407,40.967423462
2017-01-13,611857,41.902600556
2017-01-14,634721,44.944363769000006
2017-01-15,565819,49.562774199
2017-01-16,461178,55.178494961
2017-01-17,562212,58.844100710000006
2017-01-18,559938,45.11889429
2017-01-19,575436,51.908955709000004
2017-01-20,602686,40.945473975
2017-01-21,610745,47.215784940000006
2017-01-22,537260,42.509038946000004
2017-01-23,513397,41.574815207
2017-01-24,556245,42.087215559
2017-01-25,561607,43.416972738999995
2017-01-26,595770,39.908191631
2017-01-27,643597,38.964064826
2017-01-28,683249,48.033976720000005
2017-01-29,559966,39.940933818999994
2017-01-30,501030,36.437459554
2017-01-31,540112,48.314151753999994
2017-02-01,567861,36.489232331
2017-02-02,611169,37.894511009
2017-02-03,661344,40.281834916
2017-02-04,679153,44.685768624999994
2017-02-05,565185,48.622774886
2017-02-06,504266,51.283031972
2017-02-07,560907,40.865968607
2017-02-08,573623,56.365247935999996
2017-02-09,354096,42.240661506
2017-02-10,625918,43.400416004
2017-02-11,686817,38.316745007
2017-02-12,596573,62.060864251000005
2017-02-13,557094,56.787604156
2017-02-14,600219,53.063124757
2017-02-15,600299,50.827778095999996
2017-02-16,635799,54.78227516700001
2017-02-17,625708,39.734515174
2017-02-18,609439,45.626788477000005
2017-02-19,561012,51.912675359000005
2017-02-20,474682,45.752049759
2017-02-21,514734,50.09836287499999
2017-02-22,545848,49.338955503
2017-02-23,585898,52.836853848000004
2017-02-24,623758,50.13736758099999
2017-02-25,688545,46.316996571000004
2017-02-26,590025,55.454646592
2017-02-27,533692,43.709452223999996
2017-02-28,560061,39.907408362
2017-03-01,592542,49.577230378
2017-03-02,647708,41.832162477
2017-03-03,700958,71.605039252
2017-03-04,747215,39.781400227000006
2017-03-05,598238,62.909391944999996
2017-03-06,534041,42.381790758
2017-03-07,572819,64.70781344099998
2017-03-08,589559,41.989383346
2017-03-09,630066,44.773605692
2017-03-10,673282,53.830226497
2017-03-11,739708,38.204470040000004
2017-03-12,610289,48.620725331
2017-03-13,583781,40.132792834
2017-03-14,175497,44.739705016
2017-03-15,517949,37.32729237
2017-03-16,561159,39.944277079
2017-03-17,577771,47.58962051
2017-03-18,682976,50.687890909
2017-03-19,553198,56.35273554199999
2017-03-20,494181,42.864638768
2017-03-21,526119,54.105482071
2017-03-22,600201,49.918696439
2017-03-23,600539,47.640123247000005
2017-03-24,600805,52.927125041
2017-03-25,645250,43.552692471
2017-03-26,556765,44.854316356
2017-03-27,493938,40.227075608
2017-03-28,574919,43.495172978
2017-03-29,572133,42.772106736
2017-03-30,609983,43.788129222
2017-03-31,674052,38.05716092899999
2017-04-01,655951,39.358171607
2017-04-02,574350,44.007287645000005
2017-04-03,523272,57.013613791000004
2017-04-04,580087,38.031085646
2017-04-05,604394,48.467832104
2017-04-06,629012,41.279605991
2017-04-07,677088,46.345642007
2017-04-08,676487,41.651587035999995
2017-04-09,582654,48.752798339
2017-04-10,503223,48.229616658
2017-04-11,545292,52.403957026
2017-04-12,567262,44.880031978000005
2017-04-13,598657,48.546024054
2017-04-14,602719,57.840110689999996
2017-04-15,590960,47.183114566
2017-04-16,527811,48.900767501
2017-04-17,491685,50.971519139
2017-04-18,565138,45.635235447
2017-04-19,608116,52.94798668599999
2017-04-20,622391,45.224727818000005
2017-04-21,668378,50.515731396
2017-04-22,651822,45.072989874
2017-04-23,582341,61.64175128599999
2017-04-24,533071,42.516633978
2017-04-25,594066,48.14250655
2017-04-26,588628,45.376001349999996
2017-04-27,601890,47.973908936
2017-04-28,629736,41.837860770999995
2017-04-29,669958,44.73479141200001
2017-04-30,575020,38.232421137
2017-05-01,523873,38.082534462
2017-05-02,570550,43.225406756
2017-05-03,592465,40.154012388
2017-05-04,614486,43.847333842
2017-05-05,639643,37.39495474
2017-05-06,679031,45.347103122
2017-05-07,575523,43.40453327
2017-05-08,526912,56.089220459
2017-05-09,566698,51.072138984000006
2017-05-10,582513,39.935344415
2017-05-11,599072,49.452169783
2017-05-12,623394,52.383296664999996
2017-05-13,685003,45.614611557
2017-05-14,549936,46.83751977
2017-05-15,539512,45.338404448999995
2017-05-16,578947,52.527836889
2017-05-17,606642,46.985804144999996
2017-05-18,609242,44.258721914999995
2017-05-19,645215,45.053809965
2017-05-20,678757,46.187994829000004
2017-05-21,584106,44.083155687
2017-05-22,535238,41.785721175000006
2017-05-23,554421,81.017258097
2017-05-24,582866,38.873373482
2017-05-25,593041,44.745606007
2017-05-26,545364,52.356566771999994
2017-05-27,500891,48.923684017
2017-05-28,455303,40.648386692
2017-05-29,390794,50.438620021000006
2017-05-30,511799,59.050247436
2017-05-31,564014,40.175160122
2017-06-01,596228,41.863948331
2017-06-02,611517,41.508976532000005
2017-06-03,630650,72.09988529099999
2017-06-04,539019,48.174001216
2017-06-05,525418,46.792876741
2017-06-06,584579,44.19588746
2017-06-07,584116,49.85126824500001
2017-06-08,608492,66.48699972899999
2017-06-09,601834,49.927607123
2017-06-10,625945,41.631342182
2017-06-11,521997,42.468992889999996
2017-06-12,539260,57.939267665
2017-06-13,573440,60.034666937000004
2017-06-14,600182,44.98817304000001
2017-06-15,600511,56.85398103799999
2017-06-16,600542,48.58810133
2017-06-17,588861,51.545655855999996
2017-06-18,510247,56.80805183199999
2017-06-19,532255,55.905363918999996
2017-06-20,550328,46.893022172
2017-06-21,571999,43.367278976
2017-06-22,583129,45.830191336
2017-06-23,601323,61.911242945999994
2017-06-24,584676,56.245167507000005
2017-06-25,448687,45.54667886599999
2017-06-26,505474,44.162639729000006
2017-06-27,555578,45.576948049
2017-06-28,545178,37.054514834
2017-06-29,544879,45.75798259
2017-06-30,539421,42.227974796000005
2017-07-01,465769,49.506406831999996
2017-07-02,388224,44.839224795999996
2017-07-03,363201,41.592232435
2017-07-04,351046,45.771528146
2017-07-05,446422,44.968407858
2017-07-06,483246,39.920477792999996
2017-07-07,517867,41.347615063
2017-07-08,493987,46.735968580999995
2017-07-09,451014,44.366104381999996
2017-07-10,473609,52.037241895
2017-07-11,522336,38.92916394699999
2017-07-12,553684,48.363145602
2017-07-13,560207,43.16302592299999
2017-07-14,545572,43.610716457
2017-07-15,517149,49.235508401999994
2017-07-16,479795,50.863862355
2017-07-17,489657,44.499690926
2017-07-18,530642,44.753634078000005
2017-07-19,561865,41.334741679000004
2017-07-20,562252,43.923201434999996
2017-07-21,552766,41.586491458
2017-07-22,542132,46.306613353
2017-07-23,450522,61.276138194
2017-07-24,478568,54.541822204
2017-07-25,505021,60.358010912
2017-07-26,528019,55.529513725
2017-07-27,548966,39.384088751
2017-07-28,541256,38.471672741000006
2017-07-29,510770,50.762100668
2017-07-30,469479,49.290933969
2017-07-31,464182,53.301147172
2017-08-01,501911,54.108751659999996
2017-08-02,533600,46.49818132199999
2017-08-03,545575,54.276663553
2017-08-04,527245,45.851006833
2017-08-05,492265,46.452897202
2017-08-06,443274,44.396115565
2017-08-07,473736,43.691133217
2017-08-08,486475,43.902015731999995
2017-08-09,509367,55.277038614
2017-08-10,536030,38.029558918999996
2017-08-11,512122,38.398982205
2017-08-12,478307,53.104684945
2017-08-13,423167,43.83209664500001
2017-08-14,424134,42.86345102999999
2017-08-15,476010,41.032459024999994
2017-08-16,495628,50.569495402
2017-08-17,506132,47.082791588999996
2017-08-18,508933,44.110959768
2017-08-19,490882,61.65368851299999
2017-08-20,444278,45.820382542999994
2017-08-21,434470,45.12553209
2017-08-22,493544,44.629342961000006
2017-08-23,495841,54.9540006
2017-08-24,493541,52.996143308
2017-08-25,481647,54.375494529
2017-08-26,467619,43.913223863
2017-08-27,436000,40.699483777
2017-08-28,404853,59.560046931
2017-08-29,485903,53.359136721999995
2017-08-30,468193,62.22223869
2017-08-31,479732,42.298216811
2017-09-01,458528,49.989737563000006
2017-09-02,458553,53.923011419000005
2017-09-03,385291,70.328555332
2017-09-04,374147,47.895670846
2017-09-05,482771,44.975881179
2017-09-06,550858,48.571674481
2017-09-07,564558,41.30267723199999
2017-09-08,588693,56.97164579199999
2017-09-09,589830,45.171388451
2017-09-10,524688,44.375941126
2017-09-11,504319,52.877032399
2017-09-12,548007,49.206028792
2017-09-13,558619,55.539098104
2017-09-14,579615,48.470265306
2017-09-15,584520,48.915373953999996
2017-09-16,603715,46.823665863
2017-09-17,520572,42.763385684
2017-09-18,456348,40.896940025999996
2017-09-19,484055,42.912124094000006
2017-09-20,495442,45.316359087
2017-09-21,498977,43.779001568000005
2017-09-22,541881,48.060845285
2017-09-23,594778,52.325124431999996
2017-09-24,508035,42.350116643999996
2017-09-25,495560,40.975819027
2017-09-26,512727,56.253645733
2017-09-27,559782,52.26466003
2017-09-28,564715,47.910995240000005
2017-09-29,573705,53.696439692
2017-09-30,593437,43.386639664
2017-10-01,493502,48.94412129999999
2017-10-02,470307,48.957232845
2017-10-03,516647,44.714450019
2017-10-04,535535,57.52875626400001
2017-10-05,577123,54.86735839199999
2017-10-06,581189,45.017250604
2017-10-07,596547,47.115964932
2017-10-08,513584,68.792422077
2017-10-09,449268,59.400099341
2017-10-10,534373,44.77696405499999
2017-10-11,552669,48.941362069
2017-10-12,589495,53.373322961999996
2017-10-13,586325,77.389281568
2017-10-14,616081,41.07032889
2017-10-15,530878,48.427257144
2017-10-16,527371,45.044249881
2017-10-17,545866,41.761763002
2017-10-18,557135,42.580332526
2017-10-19,565867,52.460418008000005
2017-10-20,589320,47.072712693
2017-10-21,612072,52.920564870999996
2017-10-22,518095,52.189693782999996
2017-10-23,496538,41.957934513999994
2017-10-24,531207,49.00020042599999
2017-10-25,561306,51.722219773999996
2017-10-26,594223,48.772550111
2017-10-27,608990,43.251853507
2017-10-28,638173,47.82021281
2017-10-29,556367,38.512251926
2017-10-30,509098,43.977555608
2017-10-31,508796,64.955780507
2017-11-01,564293,73.40155247000001
2017-11-02,566812,45.568696923999994
2017-11-03,604237,52.374005206
2017-11-04,642660,51.502622782
2017-11-05,529738,50.919508202
2017-11-06,509763,44.120334834999994
2017-11-07,551742,45.65960943099999
2017-11-08,555556,50.950403266
2017-11-09,578016,50.090094195
2017-11-10,631900,53.208465063
2017-11-11,593887,48.075536754
2017-11-12,531306,51.149507173
2017-11-13,509230,51.224340473
2017-11-14,539633,45.248014788000006
2017-11-15,560700,51.199708325
2017-11-16,589044,53.878736106999995
2017-11-17,612381,47.047278264
2017-11-18,624813,47.431695422
2017-11-19,533806,46.207567345
2017-11-20,504689,65.81309972
2017-11-21,520029,50.925304946
2017-11-22,524886,41.305650801
2017-11-23,361987,45.656876533
2017-11-24,397943,45.412169872999996
2017-11-25,476040,52.792417161
2017-11-26,453047,50.852479673000005
2017-11-27,470856,100.91343415099999
2017-11-28,511862,65.561941025
2017-11-29,528215,53.580513657
2017-11-30,577822,56.734308936999994
2017-12-01,614688,55.705991149000006
2017-12-02,635238,70.67050537099999
2017-12-03,541678,43.318773877
2017-12-04,512872,68.08286409
2017-12-05,563522,40.362168483
2017-12-06,586126,47.566888197000004
2017-12-07,604502,53.27818739200001
2017-12-08,632119,57.560565471000004
2017-12-09,652413,48.533062177999994
2017-12-10,542346,55.84348614400001
2017-12-11,527989,47.201245119000006
2017-12-12,560903,59.134752938
2017-12-13,605576,54.005467293
2017-12-14,600024,58.988529196
2017-12-15,629406,41.90845311700001
2017-12-16,664219,52.283484619
2017-12-17,564243,48.004838409
2017-12-18,520029,40.613514862
2017-12-19,554817,53.476418843
2017-12-20,591580,38.956953997
2017-12-21,592748,40.854162242
2017-12-22,553472,44.59322547
2017-12-23,476741,53.921074108
2017-12-24,390481,45.289285252
2017-12-25,281027,53.124768665000005
2017-12-26,402339,39.209455599
2017-12-27,456281,41.01120794799999
2017-12-28,497125,45.343248585
2017-12-29,498716,44.360257233
2017-12-30,453860,37.328001167
2017-12-31,453937,64.271783695
2018-01-01,439082,74.01980259
2018-01-02,420113,66.361174585
2018-01-03,463197,70.991066326
2018-01-04,207851,46.568260365
2018-01-05,468498,43.06760727599999
2018-01-06,507553,43.076839972
2018-01-07,424670,41.260986265999996
2018-01-08,443614,40.964561169999996
2018-01-09,484779,44.588854165
2018-01-10,490264,52.470739187
2018-01-11,516156,42.198066370999996
2018-01-12,548033,64.10521822300001
2018-01-13,580065,43.957275059
2018-01-14,517823,45.198402024
2018-01-15,423594,60.659068141999995
2018-01-16,499544,41.654015607000005
2018-01-17,514568,49.021154057000004
2018-01-18,558634,52.197135719
2018-01-19,559010,52.419549688000004
2018-01-20,531421,57.065697829
2018-01-21,448226,50.290663989
2018-01-22,443283,39.703881145000004
2018-01-23,485130,33.954603259
2018-01-24,530573,39.04922852
2018-01-25,561203,47.729999178
2018-01-26,578184,55.39900781
2018-01-27,556327,38.578224341
2018-01-28,460907,43.663301884
2018-01-29,450745,63.708892281
2018-01-30,510544,52.593490923
2018-01-31,533692,39.64654082599999
2018-02-01,540295,39.088235274
2018-02-02,601435,36.326733307
2018-02-03,568365,45.463152972
2018-02-04,470900,57.75912267599999
2018-02-05,481590,61.469158715
2018-02-06,509195,47.087353590999996
2018-02-07,531449,48.686883754
2018-02-08,570674,46.752133003000004
2018-02-09,575819,52.23731254
2018-02-10,574741,42.113736471
2018-02-11,460023,77.287318152
2018-02-12,486384,73.969515248
2018-02-13,531337,47.174030234
2018-02-14,546017,63.889228827999986
2018-02-15,545931,54.228973438
2018-02-16,556131,54.186067924
2018-02-17,550638,47.94910413
2018-02-18,454668,78.397698771
2018-02-19,422014,58.828332573
2018-02-20,455984,46.212957789
2018-02-21,504711,70.38791590299999
2018-02-22,557447,58.749960292
2018-02-23,564870,60.708372061999995
2018-02-24,561271,60.083013862
2018-02-25,476678,59.674487557999996
2018-02-26,466996,52.98929073900001
2018-02-27,506393,81.598840773
2018-02-28,529080,74.03923754099999
2018-03-01,562522,80.21573017
2018-03-02,563490,62.440062117
2018-03-03,568038,62.264221254000006
2018-03-04,505411,54.783925583
2018-03-05,488167,52.432876492000005
2018-03-06,533923,55.84328083399999
2018-03-07,396653,41.709051242
2018-03-08,553358,49.66605785
2018-03-09,599220,73.78163511400001
2018-03-10,611088,57.29019536999999
2018-03-11,490123,68.701045245
2018-03-12,497171,53.07968726600001
2018-03-13,515900,69.90542524
2018-03-14,564097,65.730518742
2018-03-15,587370,64.82781848100001
2018-03-16,599531,74.61438002599999
2018-03-17,582162,56.493934758
2018-03-18,492476,56.377253110000005
2018-03-19,456063,77.63185846600001
2018-03-20,525443,55.153847490000004
2018-03-21,310581,40.65491206
2018-03-22,505517,56.342344778
2018-03-23,559177,58.120998723
2018-03-24,557923,63.82107264099999
2018-03-25,487317,58.022003088999995
2018-03-26,475771,80.545439746
2018-03-27,505630,85.416316767
2018-03-28,529666,63.357230554
2018-03-29,553206,54.469878210000005
2018-03-30,539627,59.199578966000004
2018-03-31,522473,61.974963409999994
2018-04-01,445087,75.781107211
2018-04-02,441455,66.618055053
2018-04-03,520836,62.855925486000004
2018-04-04,525950,63.03548313299999
2018-04-05,566052,58.600368621
2018-04-06,563774,65.1095071
2018-04-07,577844,56.308014738000004
2018-04-08,495064,60.672894308
2018-04-09,481465,64.870357866
2018-04-10,517435,67.677736839
2018-04-11,536945,62.77233162499999
2018-04-12,550741,67.557225794
2018-04-13,569888,51.758863115
2018-04-14,621347,53.796673457
2018-04-15,527229,60.969247143000004
2018-04-16,473398,56.164015307
2018-04-17,541255,84.241478656
2018-04-18,536742,78.52064074700002
2018-04-19,586363,56.412007497000005
2018-04-20,593902,46.581836498
2018-04-21,570077,58.914206174
2018-04-22,490998,68.128121251
2018-04-23,482485,69.582401225
2018-04-24,517449,71.070479413
2018-04-25,545277,54.686031276
2018-04-26,555293,61.818342782
2018-04-27,570591,63.194344741
2018-04-28,579606,50.348170345
2018-04-29,499346,61.232515113000005
2018-04-30,500097,66.198192034
2018-05-01,514252,73.146437771
2018-05-02,539898,58.618619668
2018-05-03,564832,68.126188404
2018-05-04,568589,60.731569903
2018-05-05,596949,62.838765971
2018-05-06,492763,56.948191030000004
2018-05-07,480816,52.681343087
2018-05-08,521258,57.146127284
2018-05-09,532133,57.275636154999994
2018-05-10,551191,62.14807281
2018-05-11,555504,60.49357651
2018-05-12,571912,52.30928695
2018-05-13,499306,68.583757593
2018-05-14,494790,61.584008299999994
2018-05-15,521493,59.218079118
2018-05-16,541721,60.905620985
2018-05-17,552153,49.34707068
2018-05-18,566295,74.436150027
2018-05-19,561822,42.432684861
2018-05-20,469391,73.835821461
2018-05-21,471288,84.6152118
2018-05-22,499714,75.95284196199998
2018-05-23,505415,57.52557903
2018-05-24,514322,73.270465514
2018-05-25,485145,63.09655587600001
2018-05-26,430257,57.931278044
2018-05-27,370021,67.903467291
2018-05-28,334154,50.867589684
2018-05-29,467183,62.514215027000006
2018-05-30,506510,77.506678746
2018-05-31,530107,50.391511766
2018-06-01,545902,67.15064661599999
2018-06-02,547903,50.978371122
2018-06-03,463406,77.36811761800001
2018-06-04,467639,87.657880459
2018-06-05,498050,63.65333292599999
2018-06-06,526610,67.118816863
2018-06-07,533266,82.242011421
2018-06-08,538978,67.337887335
2018-06-09,523473,60.877272579
2018-06-10,440101,68.127753856
2018-06-11,466161,63.163630025
2018-06-12,494545,67.072075228
2018-06-13,523472,62.03169491999999
2018-06-14,530141,64.394332763
2018-06-15,465904,84.261318434
2018-06-16,488046,65.276832976
2018-06-17,444237,66.49916227899999
2018-06-18,476845,51.990391474
2018-06-19,502459,76.339559948
2018-06-20,521258,65.296731895
2018-06-21,522511,61.366473477
2018-06-22,536492,52.484628816000004
2018-06-23,490355,61.686245756999995
2018-06-24,434518,68.069349375
2018-06-25,455687,64.885367874
2018-06-26,486394,47.176884971999996
2018-06-27,501264,80.67187986
2018-06-28,512826,57.083034338
2018-06-29,494208,54.61390445599999
2018-06-30,491624,54.63658129699999
2018-07-01,418915,49.990870435999994
2018-07-02,417100,57.969366550000004
2018-07-03,427951,54.658887840999995
2018-07-04,321854,78.153713109
2018-07-05,382719,63.449684311
2018-07-06,385469,77.63391111499999
2018-07-07,380178,72.466850825
2018-07-08,356929,72.25151561000001
2018-07-09,410110,80.29179534
2018-07-10,466308,67.75104877499999
2018-07-11,482102,57.389765188
2018-07-12,483429,69.192808466
2018-07-13,472593,65.305107993
2018-07-14,464134,56.554602462000005
2018-07-15,401907,44.646034412
2018-07-16,450429,70.016545084
2018-07-17,467009,66.58394904800001
2018-07-18,487241,57.280574818999995
2018-07-19,468503,74.428860029
2018-07-20,466382,64.472265566
2018-07-21,465713,48.974034325
2018-07-22,386070,67.551695825
2018-07-23,424449,66.654689636
2018-07-24,470399,64.817160463
2018-07-25,481731,75.79267879700001
2018-07-26,488249,75.835235716
2018-07-27,480000,79.857633941
2018-07-28,450444,76.839364034
2018-07-29,408747,66.93325220599999
2018-07-30,415156,66.830113213
2018-07-31,452339,83.948522078
2018-08-01,482951,70.253849472
2018-08-02,484644,71.020813663
2018-08-03,462756,81.759543702
2018-08-04,441184,67.414462068
2018-08-05,405039,59.293373171999995
2018-08-06,428320,68.108902021
2018-08-07,476136,71.167398792
2018-08-08,488490,73.256257629
2018-08-09,484070,66.17620778599999
2018-08-10,469884,67.648690695
2018-08-11,417020,75.827126902
2018-08-12,374494,59.677476994
2018-08-13,406842,71.053720898
2018-08-14,440477,69.860352124
2018-08-15,465749,69.947310741
2018-08-16,471361,80.962028237
2018-08-17,469812,72.77728609
2018-08-18,420923,73.326917174
2018-08-19,366547,59.659635393
2018-08-20,379572,85.17715718
2018-08-21,389293,82.164192547
2018-08-22,433877,79.57312429299999
2018-08-23,441726,78.11413061299999
2018-08-24,432257,65.814077042
2018-08-25,415718,68.15501617499999
2018-08-26,378154,89.92336978999998
2018-08-27,385259,87.90528193200001
2018-08-28,441735,66.17270739099999
2018-08-29,453776,69.68586325800001
2018-08-30,443008,77.188869324
2018-08-31,422213,67.974465865
2018-09-01,378753,67.617470579
2018-09-02,347528,72.38441458399998
2018-09-03,335444,74.51823755199999
2018-09-04,447473,77.35490918100001
2018-09-05,487054,70.311437585
2018-09-06,501700,73.553787417
2018-09-07,496922,67.037725146
2018-09-08,490992,71.460263737
2018-09-09,446367,76.62786395799999
2018-09-10,423749,77.232539399
2018-09-11,441501,75.377328035
2018-09-12,481846,67.553972364
2018-09-13,499114,83.49862588799999
2018-09-14,508550,77.18077961899999
2018-09-15,504641,84.328100647
2018-09-16,448658,63.720452784
2018-09-17,444104,68.240729797
2018-09-18,447822,73.143596059
2018-09-19,451442,70.382365643
2018-09-20,495204,77.633560271
2018-09-21,502080,79.740622889
2018-09-22,501340,63.800242119
2018-09-23,421295,74.178763394
2018-09-24,392555,76.37780022
2018-09-25,418739,80.068829083
2018-09-26,439678,87.887853315
2018-09-27,466697,80.601258489
2018-09-28,496359,70.964693575
2018-09-29,509528,70.72195319400001
2018-09-30,440620,58.883812090000006
2018-10-01,424325,72.929048604
2018-10-02,465329,77.77359863699999
2018-10-03,489538,74.46320340999999
2018-10-04,506183,70.987016613
2018-10-05,493858,69.123412641
2018-10-06,500972,70.87451252900001
2018-10-07,429724,66.25880563999999
2018-10-08,389002,72.851526647
2018-10-09,463216,67.170865088
2018-10-10,484389,69.517100764
2018-10-11,482993,69.51355586700001
2018-10-12,511405,70.924537528
2018-10-13,522067,70.90271714100001
2018-10-14,441129,72.062012009
2018-10-15,433989,70.443034602
2018-10-16,482772,68.27887803300001
2018-10-17,496122,73.057719721
2018-10-18,518319,69.99030900700001
2018-10-19,511879,75.30153005700001
2018-10-20,513306,67.867318555
2018-10-21,469660,69.072759503
2018-10-22,444932,70.94409216
2018-10-23,467366,85.014921927
2018-10-24,484218,73.342779298
2018-10-25,510403,78.915305547
2018-10-26,523331,68.373027391
2018-10-27,528687,64.62624995300001
2018-10-28,455738,67.91924574899998
2018-10-29,434782,81.868101725
2018-10-30,461055,78.45814711499999
2018-10-31,456018,70.78873559600001
2018-11-01,519467,73.09571154100001
2018-11-02,518643,75.79971884400001
2018-11-03,523693,64.43357463
2018-11-04,444777,67.184648039
2018-11-05,446223,74.238110784
2018-11-06,455995,68.059413612
2018-11-07,476299,77.38383898
2018-11-08,493248,75.17243612099999
2018-11-09,499290,86.795317794
2018-11-10,544260,69.405450812
2018-11-11,444301,73.195626344
2018-11-12,428815,77.61027334799999
2018-11-13,469763,79.686614679
2018-11-14,493427,70.16209705200001
2018-11-15,378829,75.43745326300001
2018-11-16,502960,76.745655671
2018-11-17,533086,69.27729140000001
2018-11-18,443655,77.16389368200001
2018-11-19,422765,69.287146347
2018-11-20,461263,80.684118212
2018-11-21,442321,69.08780767399999
2018-11-22,311858,77.123268631
2018-11-23,346794,69.438238712
2018-11-24,405782,70.874264521
2018-11-25,357412,80.61298291899999
2018-11-26,422738,65.832598504
2018-11-27,459948,87.40152392600001
2018-11-28,466181,69.688169933
2018-11-29,492343,74.71873852600001
2018-11-30,516401,68.679674358
2018-12-01,542042,73.368931774
2018-12-02,452626,87.47775175199999
2018-12-03,442752,76.11143486200001
2018-12-04,478793,67.33737933399999
2018-12-05,491246,82.549636954
2018-12-06,509793,74.70963421
2018-12-07,538586,68.65278343
2018-12-08,541643,66.61293455799999
2018-12-09,454670,74.374920513
2018-12-10,452069,78.372671859
2018-12-11,470055,73.16574790199999
2018-12-12,495854,67.30767288300001
2018-12-13,507716,74.30152400400002
2018-12-14,536822,81.103839329
2018-12-15,535521,68.50953113599999
2018-12-16,485274,72.01421822500001
2018-12-17,453348,69.260828744
2018-12-18,500579,69.222856677
2018-12-19,501044,68.581392392
2018-12-20,509157,69.200877346
2018-12-21,491105,68.46302382100001
2018-12-22,447377,63.764128432
2018-12-23,353580,75.88236648999998
2018-12-24,329169,66.071525448
2018-12-25,230223,90.82140440799999
2018-12-26,326464,72.001940657
2018-12-27,375103,74.315636997
2018-12-28,383683,58.65670874999999
2018-12-29,391399,69.57187056199999
2018-12-30,349595,80.077096732
2018-12-31,374397,99.168023068
2019-01-01,340784,127.40022341000002
2019-01-02,341916,91.179157962
2019-01-03,377529,76.522651079
2019-01-04,401419,78.04160238899999
2019-01-05,416679,76.454030969
2019-01-06,363226,85.537307819
2019-01-07,376519,80.401567295
2019-01-08,387943,84.908949299
2019-01-09,417430,80.04423845900001
2019-01-10,461620,84.08145350800001
2019-01-11,484100,76.37614386499999
2019-01-12,458756,80.202225655
2019-01-13,388991,77.854191505
2019-01-14,401503,75.30948985299999
2019-01-15,433920,93.950881957
2019-01-16,443505,89.874980301
2019-01-17,462026,73.330707602
2019-01-18,442448,81.337441199
2019-01-19,412540,60.700016512000005
2019-01-20,352272,80.80538831199999
2019-01-21,321344,73.51467389899999
2019-01-22,413400,83.413839145
2019-01-23,425524,74.69519217000001
2019-01-24,459405,74.437174928
2019-01-25,485289,84.99111890199998
2019-01-26,472950,71.635616501
2019-01-27,377864,67.61901801299999
2019-01-28,391601,104.90872532899999
2019-01-29,422978,76.27604522799999
2019-01-30,450389,69.206212085
2019-01-31,461422,79.160589621
2019-02-01,494858,73.836267706
2019-02-02,463139,69.492528572
2019-02-03,381111,88.548167815
2019-02-04,384043,73.19890501500001
2019-02-05,414000,68.678147853
2019-02-06,456603,68.924374121
2019-02-07,452593,71.305263592
2019-02-08,481607,81.94600424000001
2019-02-09,484394,80.305569698
2019-02-10,381916,90.37361989200001
2019-02-11,386372,82.501867281
2019-02-12,390534,97.55888018
2019-02-13,438645,82.596312539
2019-02-14,448053,69.890699314
2019-02-15,430496,77.460335837
2019-02-16,421556,72.450954787
2019-02-17,371923,76.450778026
2019-02-18,326439,78.086744988
2019-02-19,389105,84.551156707
2019-02-20,398725,72.431630393
2019-02-21,417527,88.09112719799998
2019-02-22,443137,83.75144498
2019-02-23,444022,86.733644556
2019-02-24,360535,80.73286256
2019-02-25,386407,82.513531602
2019-02-26,430460,73.23396076099999
2019-02-27,443995,72.14723901
2019-02-28,459387,76.93060856299999
2019-03-01,470803,96.382478354
2019-03-02,437574,78.041569099
2019-03-03,382425,73.722041262
2019-03-04,343390,98.607522534
2019-03-05,439459,76.82308047999999
2019-03-06,468190,73.257728229
2019-03-07,477456,81.87984738200001
2019-03-08,473271,84.504161696
2019-03-09,475575,74.023218614
2019-03-10,392081,67.110707545
2019-03-11,386760,93.39479764299999
2019-03-12,436655,76.32805221799998
2019-03-13,441700,82.03430385200001
2019-03-14,455612,78.34773461200001
2019-03-15,473377,68.255601447
2019-03-16,471619,67.327510561
2019-03-17,388379,93.247474548
2019-03-18,365449,74.251775409
2019-03-19,391160,87.238561753
2019-03-20,410652,85.63254869699999
2019-03-21,450362,80.183562985
2019-03-22,450582,83.078433372
2019-03-23,444682,80.552355259
2019-03-24,361388,104.814961794
2019-03-25,350358,95.10954102699999
2019-03-26,393023,77.978607987
2019-03-27,410949,79.73335569
2019-03-28,427296,70.768227896
2019-03-29,426874,72.369821965
2019-03-30,438233,65.943232587
2019-03-31,384204,76.87822506399999
2019-04-01,380677,76.211047622
2019-04-02,419928,75.935726961
2019-04-03,428235,77.520504766
2019-04-04,452932,68.136938602
2019-04-05,483793,76.66762600999999
2019-04-06,456235,68.08732142
2019-04-07,383182,66.394826075
2019-04-08,373046,78.837723686
2019-04-09,421887,64.347465751
2019-04-10,423357,64.717582112
2019-04-11,445109,68.547384964
2019-04-12,462013,64.269435698
2019-04-13,454517,70.031031434
2019-04-14,387599,65.09354161600001
2019-04-15,408465,72.445390629
2019-04-16,416988,86.591545008
2019-04-17,434319,69.194072221
2019-04-18,440305,78.555819232
2019-04-19,410800,60.736698837999995
2019-04-20,374399,57.709494367
2019-04-21,328018,67.37250802
2019-04-22,349409,72.53433739100001
2019-04-23,386973,59.503319384
2019-04-24,396804,70.375155544
2019-04-25,434979,69.269675592
2019-04-26,419284,70.588869472
2019-04-27,437690,63.109902006000006
2019-04-28,380179,74.31587610700001
2019-04-29,368676,74.357666344
2019-04-30,410432,86.91224013000001
2019-05-01,435397,98.232874047
2019-05-02,451129,63.552671196
2019-05-03,454979,67.646515207
2019-05-04,460405,66.067399416
2019-05-05,402305,64.90827235
2019-05-06,369863,72.271623159
2019-05-07,407667,91.178379564
2019-05-08,415761,88.30908904400002
2019-05-09,437730,67.225346325
2019-05-10,435361,77.078917235
2019-05-11,436534,64.997158029
2019-05-12,385942,72.801004206
2019-05-13,389841,62.681109148999994
2019-05-14,420212,73.612752168
2019-05-15,416763,67.66499853100001
2019-05-16,426528,67.400992636
2019-05-17,446568,75.026647091
2019-05-18,445675,91.54635498600001
2019-05-19,380114,67.528799687
2019-05-20,387765,63.085413984
2019-05-21,413052,92.030298292
2019-05-22,425253,68.648360183
2019-05-23,419703,109.15911564700001
2019-05-24,381189,86.092772952
2019-05-25,329620,70.375770762
2019-05-26,293460,66.475611564
2019-05-27,254049,85.007020947
2019-05-28,365231,86.761937528
2019-05-29,400082,69.769960552
2019-05-30,418593,66.002522365
2019-05-31,426556,69.57363387299999
2019-06-01,423636,57.950866856999994
2019-06-02,359851,71.908356296
2019-06-03,371202,73.205963906
2019-06-04,354568,61.320767146
2019-06-05,407637,67.439936827
2019-06-06,426333,68.052596463
2019-06-07,415492,65.384428437
2019-06-08,399840,64.143471592
2019-06-09,328415,97.568002181
2019-06-10,361114,76.422656757
2019-06-11,389222,68.703615959
2019-06-12,407764,69.17539106199999
2019-06-13,427777,53.98506786899999
2019-06-14,400758,84.655633462
2019-06-15,385333,75.79837876500001
2019-06-16,324074,69.362268615
2019-06-17,350606,68.62735028099999
2019-06-18,392418,64.11493092399999
2019-06-19,400081,70.906704632
2019-06-20,412753,90.296261661
2019-06-21,412303,91.170745848
2019-06-22,383795,62.92739226799999
2019-06-23,344712,63.90554372
2019-06-24,354010,74.442938105
2019-06-25,389497,65.856886164
2019-06-26,401515,69.75707647600001
2019-06-27,409013,72.52460890399999
2019-06-28,399726,83.532857046
2019-06-29,374735,68.928358705
2019-06-30,291102,71.54557455700001
2019-07-01,316398,76.421083469
2019-07-02,324236,94.07263823
2019-07-03,300104,76.699430314
2019-07-04,216803,81.839815767
2019-07-05,250114,76.69825609
2019-07-06,272211,84.003781027
2019-07-07,264415,74.23291694299999
2019-07-08,307880,73.989184172
2019-07-09,349156,86.25328033400001
2019-07-10,377722,69.648727833
2019-07-11,389240,82.201623552
2019-07-12,359803,85.561599788
2019-07-13,368500,93.588203991
2019-07-14,304638,76.78896507900001
2019-07-15,324156,93.465676587
2019-07-16,371461,82.01210481199999
2019-07-17,401016,75.861066779
2019-07-18,380986,84.209314966
2019-07-19,396922,71.576947953
2019-07-20,345969,75.91904262199999
2019-07-21,309300,103.40896558899999
2019-07-22,346751,84.90598859400001
2019-07-23,359950,80.45874173800001
2019-07-24,371814,72.194555749
2019-07-25,382419,76.380036888
2019-07-26,358598,74.90224043500001
2019-07-27,339079,100.74452010499999
2019-07-28,301974,84.84903665499999
2019-07-29,320765,81.88645059699999
2019-07-30,358730,84.528818165
2019-07-31,362641,79.99346022699999
2019-08-01,378121,94.26887434400001
2019-08-02,356986,79.758379968
2019-08-03,336556,70.069896165
2019-08-04,295544,76.06847009999998
2019-08-05,304482,85.665111279
2019-08-06,350513,71.20061111
2019-08-07,355147,80.490109651
2019-08-08,366044,75.643071441
2019-08-09,347204,89.63947109399999
2019-08-10,321593,79.55505399399999
2019-08-11,266661,80.289340861
2019-08-12,302127,87.547585846
2019-08-13,332589,90.012403625
2019-08-14,342232,79.918945492
2019-08-15,348657,115.50277174600001
2019-08-16,332780,71.418389863
2019-08-17,324020,89.839209248
2019-08-18,292275,90.108158635
2019-08-19,297658,73.613143586
2019-08-20,324364,87.644810304
2019-08-21,340655,77.973830924
2019-08-22,359410,79.407541685
2019-08-23,323516,74.833850493
2019-08-24,313607,81.461667671
2019-08-25,278365,70.654448199
2019-08-26,277863,76.105793685
2019-08-27,305112,91.443334544
2019-08-28,328118,85.721490122
2019-08-29,320356,72.12748813300001
2019-08-30,317011,91.91186108000001
2019-08-31,286665,79.658328736
2019-09-01,261450,80.51275002300001
2019-09-02,231880,88.665350926
2019-09-03,319353,85.838089553
2019-09-04,358896,74.768475599
2019-09-05,381137,81.120546606
2019-09-06,384381,70.66651200099999
2019-09-07,367871,84.526968514
2019-09-08,324371,81.221969716
2019-09-09,336389,75.59513684699999
2019-09-10,369198,82.509156698
2019-09-11,381824,79.90324118699999
2019-09-12,409442,73.898992712
2019-09-13,394840,74.09862579199999
2019-09-14,389341,82.873586564
2019-09-15,339612,77.478206232
2019-09-16,345875,99.089539458
2019-09-17,368432,86.690306493
2019-09-18,378297,72.167294467
2019-09-19,397100,78.02674895099999
2019-09-20,392697,87.213962019
2019-09-21,397495,88.70717771599999
2019-09-22,341448,95.400888641
2019-09-23,311621,78.620326823
2019-09-24,333574,78.589559036
2019-09-25,342750,80.005780051
2019-09-26,376656,88.599886483
2019-09-27,382187,90.477344553
2019-09-28,394101,80.379485004
2019-09-29,332498,88.375286561
2019-09-30,289817,89.054446117
2019-10-01,331405,71.549603084
2019-10-02,378764,69.576078064
2019-10-03,403333,82.067304191
2019-10-04,404098,76.079501778
2019-10-05,398458,70.170333028
2019-10-06,325363,88.69341225400001
2019-10-07,344859,81.51591501
2019-10-08,354461,92.85041299
2019-10-09,362351,81.27865137699999
2019-10-10,388498,73.98460775299999
2019-10-11,400055,81.803777886
2019-10-12,387579,66.379453386
2019-10-13,334143,83.596524651
2019-10-14,292180,80.658606074
2019-10-15,370517,83.29452389400001
2019-10-16,374794,74.446767604
2019-10-17,402512,95.79426605200001
2019-10-18,415683,81.33712484
2019-10-19,403961,78.469792938
2019-10-20,355675,87.076291984
2019-10-21,332274,77.85542869599999
2019-10-22,373134,79.75585919
2019-10-23,379667,82.45521690200002
2019-10-24,398074,79.796218953
2019-10-25,403712,87.406940343
2019-10-26,412046,83.789694876
2019-10-27,344756,90.86984755399999
2019-10-28,338286,78.051675894
2019-10-29,370445,79.21981696099999
2019-10-30,375038,93.08903033600001
2019-10-31,379957,70.64147152
2019-11-01,442957,74.103958078
2019-11-02,418797,74.51669881400001
2019-11-03,350840,66.218503505
2019-11-04,340321,71.69354867300001
2019-11-05,355208,73.22417451000001
2019-11-06,378135,73.42726152200001
2019-11-07,402330,79.274187017
2019-11-08,428704,78.000848725
2019-11-09,410026,75.41924804799999
2019-11-10,337485,84.720320009
2019-11-11,296074,80.240533373
2019-11-12,372371,79.90280229700002
2019-11-13,387674,76.04578878500001
2019-11-14,403060,80.345766522
2019-11-15,408019,73.37699346699999
2019-11-16,429665,77.748723378
2019-11-17,343858,81.02714800300001
2019-11-18,353832,73.42952023000001
2019-11-19,361398,89.371642391
2019-11-20,384085,75.758015459
2019-11-21,401582,38.604361245999996
2019-11-22,389522,63.287819883
2019-11-23,401191,43.35238149
2019-11-24,338315,67.737429709
2019-11-25,328149,52.271161618
2019-11-26,351390,64.238995467
2019-11-27,339596,60.270144769
2019-11-28,239469,79.04996657999999
2019-11-29,284881,78.294346942
2019-11-30,329050,82.976662068
2019-12-01,301912,85.285798298
2019-12-02,324716,80.60551242
2019-12-03,383189,77.17490525000001
2019-12-04,385260,78.264209153
2019-12-05,422293,88.99974334800001
2019-12-06,436092,75.00351266999999
2019-12-07,449831,80.75495345600001
2019-12-08,367550,82.212524853
2019-12-09,348786,68.391297348
2019-12-10,380495,74.142537968
2019-12-11,412541,65.93620201200001
2019-12-12,430664,99.82043536699999
2019-12-13,439785,66.300783271
2019-12-14,442433,95.111748501
2019-12-15,388438,91.23626047599998
2019-12-16,366477,83.937731447
2019-12-17,394784,66.93648303100001
2019-12-18,410585,75.525589663
2019-12-19,443470,84.774332569
2019-12-20,433835,83.776408449
2019-12-21,380645,82.995376827
2019-12-22,300126,82.550329227
2019-12-23,294796,100.77811668000001
2019-12-24,277973,69.328403517
2019-12-25,176086,83.647763297
2019-12-26,249785,74.280293823
2019-12-27,288245,83.668280899
2019-12-28,301065,80.34552291
2019-12-29,283290,81.289807517
2019-12-30,288176,79.21338964899999
2019-12-31,284917,101.14270392899999
2020-01-01,293810,88.896238395
2020-01-02,265824,83.860987266
2020-01-03,299026,77.000062695
2020-01-04,309752,88.93451016
2020-01-05,269756,81.180611007
2020-01-06,273416,90.55490010900002
2020-01-07,304628,97.93523137300001
2020-01-08,328029,110.570050142
2020-01-09,349815,100.999290774
2020-01-10,352977,79.918592738
2020-01-11,356517,78.548881034
2020-01-12,299131,87.868641859
2020-01-13,317647,84.061558536
2020-01-14,330951,81.91223938
2020-01-15,329614,71.880178046
2020-01-16,365811,102.80026282700001
2020-01-17,380156,86.059955481
2020-01-18,314557,63.925183311
2020-01-19,289729,79.19273505000001
2020-01-20,256276,80.144990005
2020-01-21,326157,100.896072047
2020-01-22,336074,79.273784304
2020-01-23,355123,69.49148704199999
2020-01-24,362967,73.233711855
2020-01-25,369899,76.346217121
2020-01-26,305146,71.912731675
2020-01-27,289734,76.40873970000001
2020-01-28,327922,193.306287557
2020-01-29,344594,74.146599055
2020-01-30,368412,89.360648268
2020-01-31,366123,82.71243156999999
2020-02-01,347089,75.863079232
2020-02-02,312242,83.64228717399999
2020-02-03,295529,91.567518975
2020-02-04,327897,103.254603907
2020-02-05,352595,79.675553951
2020-02-06,367903,88.363435044
2020-02-07,390921,96.49561907199998
2020-02-08,359993,97.710174835
2020-02-09,294625,96.57426422399999
2020-02-10,321765,79.84678496699999
2020-02-11,331330,89.511434952
2020-02-12,358107,91.95752922599999
2020-02-13,375523,78.032048484
2020-02-14,404126,109.68625096299999
2020-02-15,335260,84.38059714900001
2020-02-16,274944,63.597271392
2020-02-17,237454,92.67090946
2020-02-18,290212,108.973933115
2020-02-19,331255,111.60989795799999
2020-02-20,364782,102.20538366199999
2020-02-21,370466,74.775999445
2020-02-22,345247,73.530133368
2020-02-23,290484,96.35404776099999
2020-02-24,299991,97.516455883
2020-02-25,342758,80.57019694099999
2020-02-26,347688,155.506879954
2020-02-27,386116,97.501973244
2020-02-28,386702,82.616494541
2020-02-29,377201,117.53763102899998
2020-03-01,290126,92.81832684700001
2020-03-02,293203,90.389008222
2020-03-03,335556,215.184690397
2020-03-04,343700,121.47349014400001
2020-03-05,369014,158.677942943
2020-03-06,375894,94.73109819199999
2020-03-07,339813,118.39749879899999
2020-03-08,265918,116.360447144
2020-03-09,264924,104.32874737099999
2020-03-10,275882,119.22720099099999
2020-03-11,272947,123.751891312
2020-03-12,255398,108.792671135
2020-03-13,204183,81.399824094
2020-03-14,144680,97.784947768
2020-03-15,94442,89.253860766
2020-03-16,94885,144.956378987
2020-03-17,66284,98.28484313199999
2020-03-18,52672,97.37018302800001
2020-03-19,43099,96.14577902799999
2020-03-20,40350,118.179336857
2020-03-21,23793,113.895071293
2020-03-22,14803,110.49474357900002
2020-03-23,18676,91.534529617
2020-03-24,16509,88.047161198
2020-03-25,15367,107.66018918699999
2020-03-26,15117,113.992108027
2020-03-27,16591,110.36828913399998
2020-03-28,10897,103.786069868
2020-03-29,7628,84.058419813
2020-03-30,12972,70.60992627299999
2020-03-31,12439,119.18656492899999
2020-04-01,12826,191.427179526
2020-04-02,11916,87.76924083
2020-04-03,13413,100.399168293
2020-04-04,8901,70.73570841600001
2020-04-05,6593,102.50589680499999
2020-04-06,10964,118.935291743
2020-04-07,10252,115.74516493099999
2020-04-08,10299,69.013394795
2020-04-09,10252,106.42823320699999
2020-04-10,11320,100.016711085
2020-04-11,8733,78.860829239
2020-04-12,5726,461.670721206
2020-04-13,9759,111.37302960000001
2020-04-14,10976,87.83303025200001
2020-04-15,11015,108.579639249
2020-04-16,11134,99.377590552
2020-04-17,12739,249.786329495
2020-04-18,8055,209.877339371
2020-04-19,6788,107.57637240899999
2020-04-20,10922,103.23447385700001
2020-04-21,10523,84.65698174900001
2020-04-22,11496,1072.318435268
2020-04-23,11634,124.79341579300001
2020-04-24,12304,101.08843849300001
2020-04-25,9505,82.625701618
2020-04-26,6243,77.149205593
2020-04-27,11371,102.62773361699999
2020-04-28,11630,84.51414207399999
2020-04-29,11798,86.893174552
2020-04-30,11614,100.669499255
2020-05-01,13782,87.498781102
2020-05-02,10487,940.2428765329998
2020-05-03,7861,107.58636121800001
2020-05-04,12695,401.141058617
2020-05-05,12843,561.848517027
2020-05-06,13700,250.876193793
2020-05-07,13396,101.447946887
2020-05-08,14139,124.122708879
2020-05-09,9960,1089.5423410259998
2020-05-10,8794,96.783126496
2020-05-11,12585,317.54519388399996
2020-05-12,12564,281.65812911800003
2020-05-13,13736,459.706805282
2020-05-14,13639,451.51293594299995
2020-05-15,15495,451.72216722
2020-05-16,11930,421.90492188699994
2020-05-17,8583,637.7512415880001
2020-05-18,14920,108.85770746200001
2020-05-19,15487,945.0930724320002
2020-05-20,16331,103.27771541599999
2020-05-21,16401,107.665667731
2020-05-22,17668,255.101142114
2020-05-23,10238,109.564669939
2020-05-24,10198,1156.2867249160001
2020-05-25,9895,687.613954428
2020-05-26,16837,119.346455015
2020-05-27,18434,114.4506964
2020-05-28,17549,384.40652985299994
2020-05-29,19983,483.049923221
2020-05-30,15557,120.949773499
2020-05-31,11735,577.803075559
2020-06-01,19222,643.394414143
2020-06-02,19424,226.21796647899998
2020-06-03,18791,378.019498913
2020-06-04,19952,103.956351544
2020-06-05,20800,106.554637259
2020-06-06,16370,595.464399974
2020-06-07,12733,123.537383172
2020-06-08,22202,121.11800339199999
2020-06-09,23092,103.167287796
2020-06-10,22753,225.697934913
2020-06-11,23217,152.16894915400002
2020-06-12,26075,249.82379126899997
2020-06-13,18986,94.426707036
2020-06-14,14112,129.500764468
2020-06-15,23603,511.3865486059999
2020-06-16,25459,485.307109399
2020-06-17,25738,612.829736747
2020-06-18,26542,139.189296135
2020-06-19,29197,944.964235376
2020-06-20,20324,106.242198536
2020-06-21,17483,97.49456519499999
2020-06-22,31388,119.87526038099999
2020-06-23,32646,458.946692259
2020-06-24,33199,504.041905883
2020-06-25,34143,242.095839494
2020-06-26,35789,287.773999204
2020-06-27,23702,108.41190142800001
2020-06-28,20863,116.976885374
2020-06-29,33622,2093.091803477
2020-06-30,33100,309.060753381
