date,entries,entries_scaled
2015-01-03,2682846.0,-1.703944126064411
2015-01-04,2481666.0,-1.8779973373684034
2015-01-05,5104111.0,0.39084138277325114
2015-01-06,5061648.0,0.3541040256224338
2015-01-07,5116883.0,0.4018912267675577
2015-01-08,5017271.0,0.31571074916335606
2015-01-09,5170899.0,0.44862379591854906
2015-01-10,3129723.0,-1.31732330437292
2015-01-11,2482224.0,-1.8775145771938948
2015-01-12,4957359.0,0.26387718720071174
2015-01-13,5230207.0,0.499934800272944
2015-01-14,5235511.0,0.5045236174155843
2015-01-15,5263117.0,0.528407268629711
2015-01-16,5443416.0,0.6843950405001679
2015-01-17,3209026.0,-1.2487133937653025
2015-01-18,2244447.0,-2.0832301076851434
2015-01-19,3535802.0,-0.9659993457631483
2015-01-20,5192566.0,0.46736925237209115
2015-01-21,5234821.0,0.5039266559094716
2015-01-22,5288356.0,0.5502430823293902
2015-01-23,5388657.0,0.6370196562781014
2015-01-24,3004596.0,-1.4255783802792459
2015-01-25,2637866.0,-1.742859094970135
2015-01-26,4679974.0,0.023894335935387666
2015-01-27,1280749.0,-2.9169846142326863
2015-01-28,5098541.0,0.3860224326441964
2015-01-29,5370103.0,0.620967447894891
2015-01-30,5363916.0,0.6156146930567471
2015-01-31,3174493.0,-1.2785900194038389
2015-02-01,2543553.0,-1.8244550812397118
2015-02-02,4678173.0,0.022336179888273192
2015-02-03,5294107.0,0.5552186267085992
2015-02-04,5453775.0,0.693357249546286
2015-02-05,5423778.0,0.6674049969392383
2015-02-06,5406924.0,0.6528235632812331
2015-02-07,3272646.0,-1.1936718125785046
2015-02-08,2574443.0,-1.7977302393211296
2015-02-09,5057268.0,0.35031461780102274
2015-02-10,5350695.0,0.6041763915026658
2015-02-11,5465978.0,0.7039148165884503
2015-02-12,5330625.0,0.5868125981292135
2015-02-13,5437687.0,0.6794385296762262
2015-02-14,3268996.0,-1.1968296524296804
2015-02-15,2453229.0,-1.9025999378746745
2015-02-16,3151484.0,-1.29849652272869
2015-02-17,4909744.0,0.22268251747091955
2015-02-18,5169605.0,0.447504276804187
2015-02-19,5098796.0,0.38624304885297717
2015-02-20,4924684.0,0.23560803182066428
2015-02-21,3112267.0,-1.3324255653159685
2015-02-22,2546388.0,-1.8220023480950311
2015-02-23,5157283.0,0.43684375553125826
2015-02-24,5300920.0,0.5611129727102598
2015-02-25,5390586.0,0.6386885530104078
2015-02-26,5436576.0,0.6784773351352245
2015-02-27,5476828.0,0.7133018199816719
2015-02-28,3391938.0,-1.090464954626045
2015-03-01,2554207.0,-1.8152376495206903
2015-03-02,5167494.0,0.4456779206601233
2015-03-03,5442776.0,0.6838413370742082
2015-03-04,5417568.0,0.6620323433842239
2015-03-05,5034390.0,0.33052145064617267
2015-03-06,5404600.0,0.6508129277157173
2015-03-07,3513321.0,-0.9854490437615827
2015-03-08,2619915.0,-1.7583896109066992
2015-03-09,5313969.0,0.5724024664686146
2015-03-10,5574206.0,0.7975495265646333
2015-03-11,5634133.0,0.8493960659513234
2015-03-12,5682212.0,0.8909921706649364
2015-03-13,5704324.0,0.9101226240318411
2015-03-14,3368948.0,-1.110355019880438
2015-03-15,2931612.0,-1.4887213347171153
2015-03-16,5298285.0,0.5588332718861918
2015-03-17,5559610.0,0.7849216278063418
2015-03-18,5599997.0,0.8198629094692026
2015-03-19,5574185.0,0.797531358170969
2015-03-20,5523139.0,0.7533683189810714
2015-03-21,3454122.0,-1.036665745501244
2015-03-22,2884997.0,-1.5290508428438456
2015-03-23,5233177.0,0.5025043302340378
2015-03-24,5507050.0,0.7394487339494086
2015-03-25,5576083.0,0.7991734348935804
2015-03-26,5549330.0,0.7760277665268656
2015-03-27,5675763.0,0.8854127434867902
2015-03-28,3541970.0,-0.9606630289954625
2015-03-29,2906611.0,-1.5103512399552659
2015-03-30,5304393.0,0.5641176789576938
2015-03-31,5591910.0,0.812866347585241
2015-04-01,5676982.0,0.8864673754809227
2015-04-02,5751717.0,0.9511252278857535
2015-04-03,4939572.0,0.2484885577670498
2015-04-04,3495625.0,-1.000758943489366
2015-04-05,2758175.0,-1.6387723676673613
2015-04-06,5008887.0,0.30845723428328514
2015-04-07,5179872.0,0.4563868909828235
2015-04-08,5239104.0,0.5076321430553857
2015-04-09,5261746.0,0.5272211320719131
2015-04-10,5216243.0,0.4878536836477877
2015-04-11,3721156.0,-0.8056381819892136
2015-04-12,3007094.0,-1.4234172065947972
2015-04-13,5325175.0,0.5820974673925262
2015-04-14,5507917.0,0.7401988290592632
2015-04-15,5647909.0,0.8613145321951042
2015-04-16,5660118.0,0.8718772902068869
2015-04-17,5638536.0,0.853205372489605
2015-04-18,3693273.0,-0.8297614829673884
2015-04-19,2952390.0,-1.4707450069286951
2015-04-20,5095179.0,0.38311375933470226
2015-04-21,5512602.0,0.7442521111696082
2015-04-22,5627830.0,0.8439429523672244
2015-04-23,5681375.0,0.8902680304031736
2015-04-24,5667548.0,0.8783054409176367
2015-04-25,3737917.0,-0.7911372083602931
2015-04-26,2983307.0,-1.4439968056468306
2015-04-27,5317044.0,0.5750628383980299
2015-04-28,5611787.0,0.8300631647693024
2015-04-29,5716476.0,0.9206360678322493
2015-04-30,5693483.0,0.900743407093047
2015-05-01,5783787.0,0.9788709604959485
2015-05-02,3709406.0,-0.8158038308251908
2015-05-03,3052883.0,-1.3838023219521962
2015-05-04,5393424.0,0.6411438816398976
2015-05-05,5606469.0,0.8254622353642193
2015-05-06,5635471.0,0.8505536521762204
2015-05-07,5703153.0,0.9091095197946556
2015-05-08,5726430.0,0.9292478864291274
2015-05-09,3656095.0,-0.8619264610460236
2015-05-10,2876369.0,-1.5365154571550637
2015-05-11,5305224.0,0.5648366282498383
2015-05-12,5621517.0,0.8384811871670946
2015-05-13,5710998.0,0.9158967125706762
2015-05-14,5748344.0,0.9482070377986257
2015-05-15,5783372.0,0.9785119184306779
2015-05-16,3744738.0,-0.7852359410658079
2015-05-17,3069681.0,-1.3692693373439624
2015-05-18,5431429.0,0.6740243483642648
2015-05-19,5610147.0,0.8286442997402809
2015-05-20,5775962.0,0.9721010709519892
2015-05-21,5705370.0,0.9110275830686438
2015-05-22,5651378.0,0.8643157777961259
2015-05-23,3482694.0,-1.0119463481785593
2015-05-24,2966763.0,-1.4583100392078867
2015-05-25,2925293.0,-1.4941882908868636
2015-05-26,5402609.0,0.649090390964021
2015-05-27,5633559.0,0.8488994631911659
2015-05-28,5598544.0,0.8186058296599537
2015-05-29,5692062.0,0.8995140124550961
2015-05-30,3672306.0,-0.8479013262987871
2015-05-31,2933853.0,-1.4867825075646537
2015-06-01,5160595.0,0.4397091707605993
2015-06-02,5425718.0,0.6690834104491784
2015-06-03,5690648.0,0.8982906739483666
2015-06-04,5602967.0,0.8224324394302964
2015-06-05,5693901.0,0.9011050446431269
2015-06-06,3607323.0,-0.9041221227505584
2015-06-07,3126822.0,-1.3198331381834025
2015-06-08,5330420.0,0.5866352400005859
2015-06-09,5541536.0,0.769284696992601
2015-06-10,5773293.0,0.9697919546334169
2015-06-11,5711883.0,0.916662380589386
2015-06-12,5701018.0,0.9072623997721184
2015-06-13,3774261.0,-0.7596937750586116
2015-06-14,3200480.0,-1.2561070648250694
2015-06-15,5255127.0,0.5214946274212464
2015-06-16,5476195.0,0.7127541726869338
2015-06-17,5635236.0,0.8503503391995008
2015-06-18,5583659.0,0.8057278991983774
2015-06-19,5623926.0,0.8405653614688707
2015-06-20,3626438.0,-0.8875845587080302
2015-06-21,2864411.0,-1.5468610596044778
2015-06-22,5284916.0,0.5472669264148573
2015-06-23,5478891.0,0.7150866483687887
2015-06-24,5544657.0,0.7719848663557572
2015-06-25,5591385.0,0.8124121377436335
2015-06-26,5648980.0,0.8622411202719835
2015-06-27,3553601.0,-0.9506003343902496
2015-06-28,2937965.0,-1.483224963052863
2015-06-29,5141183.0,0.42291465372196174
2015-06-30,5359309.0,0.6116288935514409
2015-07-01,5385587.0,0.6343636101567014
2015-07-02,5471919.0,0.709054741672241
2015-07-03,3871225.0,-0.6758042453793178
2015-07-04,2832408.0,-1.5745488263872678
2015-07-05,2779710.0,-1.6201411125454235
2015-07-06,4986813.0,0.2893596570572968
2015-07-07,5306362.0,0.5658211821541227
2015-07-08,5367417.0,0.6186436238290668
2015-07-09,5369111.0,0.6201092075846536
2015-07-10,5367583.0,0.6187872406551751
2015-07-11,3555619.0,-0.9488544382752706
2015-07-12,2956454.0,-1.4672289901738518
2015-07-13,5107360.0,0.39365229282159925
2015-07-14,5282022.0,0.5447631487355962
2015-07-15,5296391.0,0.5571946558099925
2015-07-16,5503607.0,0.7364699825500665
2015-07-17,5447096.0,0.6875788351994356
2015-07-18,3401363.0,-1.0823108065171865
2015-07-19,2884613.0,-1.5293830648994213
2015-07-20,5097778.0,0.38536231434106016
2015-07-21,5322256.0,0.5795720606731884
2015-07-22,5467145.0,0.7049244601792236
2015-07-23,5533763.0,0.762559795852001
2015-07-24,5451784.0,0.6916347127945898
2015-07-25,3510076.0,-0.9882564931635186
2015-07-26,2890080.0,-1.524653226415482
2015-07-27,5081067.0,0.3709045987922928
2015-07-28,5355608.0,0.6084269304585088
2015-07-29,5369780.0,0.6206880006971021
2015-07-30,5339364.0,0.5943732453783714
2015-07-31,5353661.0,0.6067424608173474
2015-08-01,3493955.0,-1.0022037633664793
2015-08-02,2893270.0,-1.5218933609017145
2015-08-03,5089878.0,0.3785275376768712
2015-08-04,5294430.0,0.5554980739063882
2015-08-05,5442065.0,0.6832262071744312
2015-08-06,5439335.0,0.6808643159980723
2015-08-07,5367908.0,0.6190684181761702
2015-08-08,3536329.0,-0.9655434055983346
2015-08-09,2973117.0,-1.4528128023820313
2015-08-10,5037783.0,0.3334569439653617
2015-08-11,4998329.0,0.2993228580781576
2015-08-12,5314105.0,0.572520128446631
2015-08-13,5356506.0,0.6092038455780584
2015-08-14,5302383.0,0.5623787041355395
2015-08-15,3433157.0,-1.0548038585094366
2015-08-16,2805147.0,-1.5981339968483381
2015-08-17,4858852.0,0.17865271316789355
2015-08-18,5075987.0,0.3665095778487384
2015-08-19,5176367.0,0.4533544995640915
2015-08-20,5172409.0,0.44993018993917255
2015-08-21,5126820.0,0.41048833761718373
2015-08-22,3401869.0,-1.0818730347460372
2015-08-23,2785816.0,-1.6148584357971276
2015-08-24,4817131.0,0.14255730592654817
2015-08-25,5057181.0,0.3502393487415564
2015-08-26,5152760.0,0.43293062960060935
2015-08-27,5203732.0,0.4770296468318803
2015-08-28,5205600.0,0.4786457687063999
2015-08-29,3368138.0,-1.111055800778918
2015-08-30,2759747.0,-1.637412333627348
2015-08-31,4872330.0,0.19031336125396178
2015-09-01,5201509.0,0.4751063925882737
2015-09-02,5292602.0,0.553916558495991
2015-09-03,5333496.0,0.5892964770916042
2015-09-04,5250894.0,0.5178323983554854
2015-09-05,3368193.0,-1.1110082168907496
2015-09-06,2917811.0,-1.5006614300009726
2015-09-07,2926554.0,-1.4930973221054025
2015-09-08,5212053.0,0.48422865653095837
2015-09-09,5586310.0,0.8080214426080944
2015-09-10,5644417.0,0.858293387877212
2015-09-11,5679681.0,0.8888024466475868
2015-09-12,3621056.0,-0.8922408584557093
2015-09-13,2870679.0,-1.541438226676486
2015-09-14,4893158.0,0.20833294712253494
2015-09-15,5204953.0,0.4780860091492189
2015-09-16,5764611.0,0.9622806215956335
2015-09-17,5804362.0,0.9966716604789471
2015-09-18,5822483.0,1.0123492538880317
2015-09-19,3633175.0,-0.8817559649882022
2015-09-20,2974018.0,-1.4520332917776726
2015-09-21,5469851.0,0.7072655874771091
2015-09-22,5569538.0,0.7935109522015403
2015-09-23,5099110.0,0.3865147095963386
2015-09-24,5478804.0,0.7150113793093222
2015-09-25,5790412.0,0.9846026561162335
2015-09-26,3755734.0,-0.7757226240785393
2015-09-27,3066644.0,-1.3718968331324612
2015-09-28,5391824.0,0.6397596230749985
2015-09-29,5675254.0,0.8849723762308317
2015-09-30,5666690.0,0.8775631322622096
2015-10-01,5714650.0,0.9190562827450582
2015-10-02,5603795.0,0.8231487932376317
2015-10-03,3300751.0,-1.16935644572445
2015-10-04,2895303.0,-1.5201344873626896
2015-10-05,5365459.0,0.6169496374102716
2015-10-06,5630081.0,0.8458904311357167
2015-10-07,5766507.0,0.9639209679950389
2015-10-08,5825670.0,1.0151065239169899
2015-10-09,5828867.0,1.0178724455619788
2015-10-10,3732646.0,-0.7956974751700323
2015-10-11,3123366.0,-1.3228231366835845
2015-10-12,4473675.0,-0.15458763761467845
2015-10-13,5622176.0,0.8390513286635124
2015-10-14,5781834.0,0.9771812998851687
2015-10-15,5815204.0,1.006051742579344
2015-10-16,5818413.0,1.0088280461635697
2015-10-17,3787561.0,-0.7481871257378884
2015-10-18,3042119.0,-1.3931149214475544
2015-10-19,5409591.0,0.6551309492765992
2015-10-20,5658927.0,0.8708468827376401
2015-10-21,5758360.0,0.9568724964148937
2015-10-22,5815664.0,1.0064497169167526
2015-10-23,5828380.0,1.0174511118612877
2015-10-24,3721169.0,-0.8056269348883738
2015-10-25,2926970.0,-1.4927374148785286
2015-10-26,5447127.0,0.6876056552091305
2015-10-27,5683948.0,0.8924940912078518
2015-10-28,5624256.0,0.8408508647978812
2015-10-29,5773407.0,0.969890583056166
2015-10-30,5900116.0,1.0795143446185358
2015-10-31,3835968.0,-0.7063072480184711
2015-11-01,3557185.0,-0.9474995952048757
2015-11-02,5463979.0,0.7021853585439296
2015-11-03,5313344.0,0.5718617404667009
2015-11-04,5633868.0,0.8491667981265121
2015-11-05,5593064.0,0.8138647440751745
2015-11-06,5607397.0,0.8262651053318606
2015-11-07,3695031.0,-0.8282405288692056
2015-11-08,2938788.0,-1.482512935053543
2015-11-09,5354245.0,0.6072477151935355
2015-11-10,5539504.0,0.7675266886151794
2015-11-11,5040812.0,0.3360775184610362
2015-11-12,5626591.0,0.8428710171410306
2015-11-13,5608621.0,0.8273240631340084
2015-11-14,3608447.0,-0.9031496811087169
2015-11-15,2832257.0,-1.57467946578933
2015-11-16,5388891.0,0.637222104093218
2015-11-17,5509802.0,0.7418296586810349
2015-11-18,5569282.0,0.7932894708311564
2015-11-19,5521615.0,0.7520498126980051
2015-11-20,5650621.0,0.863660850462608
2015-11-21,3569055.0,-0.937230126976531
2015-11-22,2802609.0,-1.6003297769969091
2015-11-23,5412832.0,0.6579349380321228
2015-11-24,5543726.0,0.7711794009033066
2015-11-25,5447717.0,0.6881161005549371
2015-11-26,2402766.0,-1.946258587849987
2015-11-27,3629117.0,-0.8852667907734274
2015-11-28,3073714.0,-1.3657801405988137
2015-11-29,2647969.0,-1.7341183672944007
2015-11-30,5280793.0,0.5436998651254331
2015-12-01,5462346.0,0.7007725496461296
2015-12-02,5528889.0,0.7583429981986773
2015-12-03,5618878.0,0.8361980256966143
2015-12-04,5695240.0,0.9022634960296267
2015-12-05,3853343.0,-0.6912750651652707
2015-12-06,3051770.0,-1.384765246816404
2015-12-07,5413027.0,0.6581036445447199
2015-12-08,5578757.0,0.801486877020168
2015-12-09,5622070.0,0.8389596215335878
2015-12-10,5679431.0,0.8885861562468212
2015-12-11,5759489.0,0.9578492638647506
2015-12-12,3998338.0,-0.565830958529311
2015-12-13,3194436.0,-1.2613361015539755
2015-12-14,5390767.0,0.6388451472605621
2015-12-15,5564776.0,0.7893910526477596
2015-12-16,5635673.0,0.8507284148200388
2015-12-17,5551969.0,0.7783109279973458
2015-12-18,5751356.0,0.9508129045470481
2015-12-19,3835164.0,-0.7070028379473329
2015-12-20,3084189.0,-1.3567175728067404
2015-12-21,5352890.0,0.6060754212213866
2015-12-22,5395083.0,0.6425791847393773
2015-12-23,5258278.0,0.5242207516324945
2015-12-24,4048514.0,-0.5224206099340774
2015-12-25,1999299.0,-2.295322744352561
2015-12-26,2789767.0,-1.61144018230343
2015-12-27,2751583.0,-1.6444755129547455
2015-12-28,4689563.0,0.03219037054714819
2015-12-29,4648250.0,-0.003552050760147929
2015-12-30,4992991.0,0.2947046254410132
2015-12-31,4501448.0,-0.13055950441284042
2016-01-01,2297471.0,-2.0373557788443892
2016-01-02,3139695.0,-1.3086959128671867
2016-01-03,2651050.0,-1.731452804395367
2016-01-04,5000390.0,0.3011059561420682
2016-01-05,5054962.0,0.348319555144362
2016-01-06,5234104.0,0.5033063350400763
2016-01-07,5261610.0,0.5271034700938967
2016-01-08,5347595.0,0.6014943905331739
2016-01-09,3293483.0,-1.175644440255504
2016-01-10,2416496.0,-1.934379919039947
2016-01-11,5128845.0,0.41224028986338407
2016-01-12,5202174.0,0.4756817250543099
2016-01-13,5248810.0,0.5160294015747044
2016-01-14,5290353.0,0.5519708100507048
2016-01-15,5324184.0,0.5812400922438918
2016-01-16,3234668.0,-1.2265289199395892
2016-01-17,2612798.0,-1.7645469660356907
2016-01-18,3445452.0,-1.0441666965997907
2016-01-19,5096890.0,0.38459405083754117
2016-01-20,5303194.0,0.5630803501956226
2016-01-21,5367765.0,0.6189447000669324
2016-01-22,5328263.0,0.5847690864227812
2016-01-23,1351724.0,-2.8555797694553684
2016-01-24,1625902.0,-2.6183714914510636
2016-01-25,4948409.0,0.2561339908533078
2016-01-26,5285501.0,0.5477730459526485
2016-01-27,5374559.0,0.6248226079981348
2016-01-28,5366495.0,0.6178459448310437
2016-01-29,5378613.0,0.6283299731369478
2016-01-30,3431087.0,-1.0565947430277747
2016-01-31,2688369.0,-1.6991658385307002
2016-02-01,5157318.0,0.4368740361873655
2016-02-02,5438216.0,0.679896200164246
2016-02-03,5373151.0,0.6236044604610237
2016-02-04,5489226.0,0.7240280935364333
2016-02-05,5348448.0,0.6022323733805857
2016-02-06,3403143.0,-1.0807708188637364
2016-02-07,2599823.0,-1.7757724378354187
2016-02-08,4901753.0,0.21576901110085195
2016-02-09,5305780.0,0.5653176581011407
2016-02-10,5449244.0,0.6894372023228126
2016-02-11,5472849.0,0.7098593419630886
2016-02-12,5208347.0,0.48102236763001094
2016-02-13,2941791.0,-1.4799148547595482
2016-02-14,2195386.0,-2.125675801092963
2016-02-15,3191867.0,-1.2635587017122416
2016-02-16,4797486.0,0.1255612062343972
2016-02-17,5156762.0,0.43639300633606304
2016-02-18,5161323.0,0.44033900840762835
2016-02-19,5211836.0,0.4840409164630939
2016-02-20,3310245.0,-1.1611426014649804
2016-02-21,2563826.0,-1.8069156600608378
2016-02-22,5175033.0,0.4522003739856069
2016-02-23,5272998.0,0.5369559304295656
2016-02-24,5266655.0,0.531468210381344
2016-02-25,5469859.0,0.7072725087699335
2016-02-26,5457560.0,0.6966318862138753
2016-02-27,3351239.0,-1.125676166709061
2016-02-28,2711047.0,-1.6795457036964625
2016-02-29,5187802.0,0.4632476224951043
2016-03-01,5433402.0,0.675731312207106
2016-03-02,5391177.0,0.6391998635178174
2016-03-03,5431108.0,0.6737466314896821
2016-03-04,5393983.0,0.6416275069760091
2016-03-05,3442700.0,-1.0465476213314169
2016-03-06,2722458.0,-1.6696733446439231
2016-03-07,5321225.0,0.5786800790604317
2016-03-08,5452987.0,0.6926755022030733
2016-03-09,5590581.0,0.8117165478147718
2016-03-10,5564215.0,0.7889056969884418
2016-03-11,5541755.0,0.7694741673836717
2016-03-12,3560994.0,-0.944204194658813
2016-03-13,2578993.0,-1.7937937540271982
2016-03-14,5164393.0,0.4429950545290284
2016-03-15,5458021.0,0.6970307257128868
2016-03-16,5655751.0,0.8680991294863156
2016-03-17,5665837.0,0.8768251494147978
2016-03-18,5658646.0,0.8706037723271798
2016-03-19,3596413.0,-0.9135610358399636
2016-03-20,2830702.0,-1.5760247920820913
2016-03-21,5189828.0,0.4650004399029077
2016-03-22,5482614.0,0.7183076450169881
2016-03-23,5548009.0,0.7748848880492207
2016-03-24,5639927.0,0.8544088122794641
2016-03-25,4859146.0,0.17890707067919373
2016-03-26,3550642.0,-0.9531603475737097
2016-03-27,2772334.0,-1.626522544529608
2016-03-28,5148674.0,0.42939557929049843
2016-03-29,5529519.0,0.7588880500086063
2016-03-30,5623178.0,0.8399182205897804
2016-03-31,5684625.0,0.8930798056131247
2016-04-01,5590750.0,0.8118627601256893
2016-04-02,3506464.0,-0.9913814568737782
2016-04-03,2750805.0,-1.6451486086819276
2016-04-04,5219113.0,0.49033669744857533
2016-04-05,5521623.0,0.7520567339908295
2016-04-06,5685940.0,0.8942174931211512
2016-04-07,5604591.0,0.8238374618736689
2016-04-08,5684963.0,0.8933722302349597
2016-04-09,3399786.0,-1.083675166365215
2016-04-10,2857251.0,-1.553055616682401
2016-04-11,5300986.0,0.561170073376062
2016-04-12,5513436.0,0.7449736559465618
2016-04-13,5695298.0,0.9023136754026044
2016-04-14,5688714.0,0.8966174514080448
2016-04-15,5694034.0,0.9012201111363342
2016-04-16,3699073.0,-0.8247435456696294
2016-04-17,2999019.0,-1.430403386539522
2016-04-18,5377760.0,0.6275919902895359
2016-04-19,5595755.0,0.8161928939490141
2016-04-20,5659162.0,0.8710501957143597
2016-04-21,5662007.0,0.8735115804750708
2016-04-22,5561275.0,0.7863621218754399
2016-04-23,3483022.0,-1.011662575172755
2016-04-24,2919770.0,-1.4989665784205743
2016-04-25,4925717.0,0.23650174375662722
2016-04-26,5076232.0,0.3667215424414885
2016-04-27,5216390.0,0.4879808624034378
2016-04-28,5234626.0,0.5037579493968746
2016-04-29,5176801.0,0.4537299796998204
2016-04-30,3516592.0,-0.9826191001579673
2016-05-01,2682308.0,-1.7044095830068584
2016-05-02,5216839.0,0.4883693199632126
2016-05-03,5486352.0,0.7215416190892334
2016-05-04,5646990.0,0.8605194486818903
2016-05-05,5663594.0,0.87488459193913
2016-05-06,5613344.0,0.8314102213852698
2016-05-07,3529970.0,-0.9710449682322052
2016-05-08,2789830.0,-1.611385677122437
2016-05-09,5316534.0,0.5746216059804683
2016-05-10,5621948.0,0.8388540718180143
2016-05-11,5679292.0,0.8884658987839956
2016-05-12,5706327.0,0.911855542722774
2016-05-13,5605488.0,0.8246135118316155
2016-05-14,3643017.0,-0.873241044490867
2016-05-15,2964506.0,-1.4602627089459974
2016-05-16,5361736.0,0.6137286407620721
2016-05-17,5640177.0,0.8546251026802296
2016-05-18,5736525.0,0.9379816928120371
2016-05-19,5656826.0,0.8690291782096071
2016-05-20,5649774.0,0.8629280585848146
2016-05-21,3635233.0,-0.8799754624091009
2016-05-22,2844274.0,-1.5642828188053353
2016-05-23,5349542.0,0.6031788601743354
2016-05-24,5519314.0,0.7500590758493596
2016-05-25,5699818.0,0.9062242058484441
2016-05-26,5736152.0,0.937658987534095
2016-05-27,5543036.0,0.770582439397194
2016-05-28,3351309.0,-1.1256156053968467
2016-05-29,2874053.0,-1.538519171427755
2016-05-30,2655196.0,-1.7278658443890724
2016-05-31,5261034.0,0.5266051370105331
2016-06-01,5604702.0,0.8239334948116088
2016-06-02,5665214.0,0.8762861537360903
2016-06-03,5640441.0,0.854853505343438
2016-06-04,3570852.0,-0.9356754315758288
2016-06-05,2676160.0,-1.7097285965424829
2016-06-06,5303198.0,0.5630838108420348
2016-06-07,5615105.0,0.8329337709682617
2016-06-08,5661343.0,0.8729371131706377
2016-06-09,5583692.0,0.8057564495312783
2016-06-10,5695160.0,0.9021942831013818
2016-06-11,3589698.0,-0.9193705960045243
2016-06-12,3050843.0,-1.3855672516224424
2016-06-13,5256985.0,0.5231020976797355
2016-06-14,5477018.0,0.7134662006862537
2016-06-15,5655204.0,0.8676258860894407
2016-06-16,5555564.0,0.7814211839603534
2016-06-17,5622174.0,0.8390495983403062
2016-06-18,3629877.0,-0.8846092679551003
2016-06-19,2865587.0,-1.545843629559277
2016-06-20,5195311.0,0.46974412097249607
2016-06-21,5460692.0,0.6993415723546652
2016-06-22,5576881.0,0.7998638338528238
2016-06-23,5503582.0,0.7364483535099899
2016-06-24,5582900.0,0.8050712415416533
2016-06-25,3647748.0,-0.8691479649467813
2016-06-26,3137964.0,-1.310193507602087
2016-06-27,5267367.0,0.5320842054427241
2016-06-28,5341568.0,0.5962800615515198
2016-06-29,5373292.0,0.6237264482470555
2016-06-30,5431031.0,0.6736800140462462
2016-07-01,5130098.0,0.4133243373520206
2016-07-02,3157156.0,-1.293589326116123
2016-07-03,2768032.0,-1.6302444697459804
2016-07-04,2667733.0,-1.7170193133714855
2016-07-05,4981393.0,0.28467048116870136
2016-07-06,5183673.0,0.45967537023606175
2016-07-07,5318602.0,0.5764107601756003
2016-07-08,5269086.0,0.5335714182383875
2016-07-09,3285257.0,-1.182761259602291
2016-07-10,2813724.0,-1.5907135057788762
2016-07-11,5085367.0,0.374624793685459
2016-07-12,5340805.0,0.5956199432483836
2016-07-13,5353156.0,0.6063055542078011
2016-07-14,5379171.0,0.6288127333114563
2016-07-15,5350054.0,0.6036218229151031
2016-07-16,3451708.0,-1.0387542456110352
2016-07-17,2834776.0,-1.572500123711217
2016-07-18,5031784.0,0.32826683950859337
2016-07-19,5296727.0,0.5574853501086213
2016-07-20,5440020.0,0.6814569516961696
2016-07-21,5505554.0,0.738154452191228
2016-07-22,5360323.0,0.6125061674169457
2016-07-23,3366089.0,-1.1128285169035919
2016-07-24,2845629.0,-1.5631105248331862
2016-07-25,4951248.0,0.2585901846444005
2016-07-26,5166867.0,0.4451354643350035
2016-07-27,5380160.0,0.6296683781368845
2016-07-28,5396592.0,0.6438847135983976
2016-07-29,5197800.0,0.47189750820251714
2016-07-30,3362382.0,-1.1160356709661423
2016-07-31,2580808.0,-1.7922234857176407
2016-08-01,4937362.0,0.24657655062428302
2016-08-02,5250423.0,0.5174249072404433
2016-08-03,5353699.0,0.6067753369582637
2016-08-04,5374685.0,0.6249316183601207
2016-08-05,5326428.0,0.5831815148811628
2016-08-06,3307317.0,-1.1636757946387457
2016-08-07,2819620.0,-1.5856125129672232
2016-08-08,4971751.0,0.27632859299197854
2016-08-09,5212328.0,0.4844665759718004
2016-08-10,5174403.0,0.45165532217567794
2016-08-11,5241354.0,0.5095787566622749
2016-08-12,5124860.0,0.4087926208751824
2016-08-13,3168148.0,-1.2840794697752667
2016-08-14,2611928.0,-1.7652996566303545
2016-08-15,4803934.0,0.13113976825094031
2016-08-16,5039654.0,0.3350756613246905
2016-08-17,5117047.0,0.4020331132704598
2016-08-18,5103458.0,0.3902764322464517
2016-08-19,5042445.0,0.3374903273588363
2016-08-20,3228281.0,-1.2320547070983456
2016-08-21,2654407.0,-1.7285484568938883
2016-08-22,4730104.0,0.06726488709688053
2016-08-23,5026123.0,0.32336915967366
2016-08-24,5072151.0,0.36319081793939295
2016-08-25,5127197.0,0.4108145035415381
2016-08-26,5079683.0,0.3697072151336551
2016-08-27,3325274.0,-1.1481400877325632
2016-08-28,2775083.0,-1.624144215282791
2016-08-29,4870958.0,0.18912635953456086
2016-08-30,5120708.0,0.40520046989926944
2016-08-31,5178662.0,0.45534004544311857
2016-09-01,5135135.0,0.4176821563466434
2016-09-02,5056982.0,0.350067181582547
2016-09-03,3266515.0,-1.198976118366877
2016-09-04,2779892.0,-1.6199836531336662
2016-09-05,2737815.0,-1.6563870579057016
2016-09-06,5078468.0,0.3686560437859349
2016-09-07,5369192.0,0.6201792856745016
2016-09-08,5685609.0,0.8939311246305377
2016-09-09,5648416.0,0.8617531691278566
2016-09-10,3497094.0,-0.9994880210944681
2016-09-11,2833138.0,-1.5739172584170324
2016-09-12,5123339.0,0.40747671007692526
2016-09-13,5607769.0,0.8265869454481997
2016-09-14,5693547.0,0.900798777435643
2016-09-15,5711536.0,0.9163621695131234
2016-09-16,5748583.0,0.9484138114217575
2016-09-17,3571392.0,-0.9352082443101754
2016-09-18,2759599.0,-1.6375403775446014
2016-09-19,5226038.0,0.49632794154977894
2016-09-20,5632165.0,0.8476934279164977
2016-09-21,5724185.0,0.9273055986302534
2016-09-22,5698074.0,0.9047153640127042
2016-09-23,5707665.0,0.9130131289476708
2016-09-24,3587986.0,-0.9208517526689662
2016-09-25,2956911.0,-1.4668336113212523
2016-09-26,5379622.0,0.6292029211944372
2016-09-27,5599023.0,0.8190202420678203
2016-09-28,5737258.0,0.9386158562670815
2016-09-29,5665497.0,0.8765309944697568
2016-09-30,5687376.0,0.895459865183148
2016-10-01,3381424.0,-1.0995612637206376
2016-10-02,2775894.0,-1.6234425692227077
2016-10-03,4783599.0,0.11354670705267667
2016-10-04,5046809.0,0.3412658925945984
2016-10-05,5652741.0,0.8654949930610992
2016-10-06,5733598.0,0.935449364799875
2016-10-07,5742194.0,0.9428862939397951
2016-10-08,3534001.0,-0.9675575018102627
2016-10-09,2646027.0,-1.735798511127547
2016-10-10,4372386.0,-0.24221899122721488
2016-10-11,5439025.0,0.680596115901123
2016-10-12,5019437.0,0.31758468919558813
2016-10-13,5668550.0,0.8791723328439047
2016-10-14,5749812.0,0.9494770950319206
2016-10-15,3593423.0,-0.9161478690331187
2016-10-16,2900951.0,-1.515248054628596
2016-10-17,5298408.0,0.5589396867633684
2016-10-18,5578205.0,0.8010093078152778
2016-10-19,5719329.0,0.9231043738857848
2016-10-20,5723609.0,0.9268072655468897
2016-10-21,5614488.0,0.8323999662591726
2016-10-22,3477066.0,-1.0168154776805918
2016-10-23,2906970.0,-1.5100406469397665
2016-10-24,5337500.0,0.592760584150264
2016-10-25,5596873.0,0.8171601446212372
2016-10-26,5722004.0,0.9254186811739754
2016-10-27,5660259.0,0.8719992779929187
2016-10-28,5718452.0,0.9223456271598995
2016-10-29,3439686.0,-1.0491552184030455
2016-10-30,2878334.0,-1.534815414605047
2016-10-31,5301706.0,0.5617929897302665
2016-11-01,5652374.0,0.8651774787527755
2016-11-02,5665615.0,0.8766330835389181
2016-11-03,5695371.0,0.9023768321996279
2016-11-04,5761820.0,0.9598659555614878
2016-11-05,3706923.0,-0.8179520270855936
2016-11-06,3405535.0,-1.0787013523092124
2016-11-07,5385746.0,0.6345011708515883
2016-11-08,5128722.0,0.41213387498620746
2016-11-09,5451867.0,0.691706521207644
2016-11-10,5613460.0,0.8315105801312249
2016-11-11,5088365.0,0.3772185481714385
2016-11-12,3617946.0,-0.8949315110412318
2016-11-13,2846129.0,-1.5626779440316554
2016-11-14,5312454.0,0.5710917466399758
2016-11-15,5388783.0,0.6371286666400873
2016-11-16,5582232.0,0.804493313590808
2016-11-17,5635411.0,0.8505017424800366
2016-11-18,5710547.0,0.9155065246876952
2016-11-19,3612516.0,-0.8996293385458579
2016-11-20,2712515.0,-1.6782756464631676
2016-11-21,5313408.0,0.5719171108092969
2016-11-22,5569621.0,0.7935827606145944
2016-11-23,5493813.0,0.7279965898096782
2016-11-24,2383633.0,-1.9628117248013701
2016-11-25,3567267.0,-0.9387770359228057
2016-11-26,3061405.0,-1.3764294147709026
2016-11-27,2580618.0,-1.7923878664222226
2016-11-28,5247372.0,0.5147852991895014
2016-11-29,5289298.0,0.5510580645594745
2016-11-30,5424765.0,0.6682589114414604
2016-12-01,5598603.0,0.8186568741945344
2016-12-02,5651236.0,0.8641929248484911
2016-12-03,3735398.0,-0.793316550438406
2016-12-04,2934290.0,-1.4864044319441156
2016-12-05,5363956.0,0.6156492995208696
2016-12-06,5507901.0,0.7401849864736142
2016-12-07,5579408.0,0.8020500972237612
2016-12-08,5625910.0,0.8422818420893455
2016-12-09,5664727.0,0.8758648200353991
2016-12-10,3759758.0,-0.7722412137878182
2016-12-11,2911834.0,-1.5058325009024736
2016-12-12,5282898.0,0.5455210302998784
2016-12-13,5514565.0,0.7459504233964187
2016-12-14,5621240.0,0.8382415374030465
2016-12-15,5522046.0,0.7524226973489248
2016-12-16,5501743.0,0.734857321321959
2016-12-17,3404964.0,-1.0791953595845607
2016-12-18,2924983.0,-1.4944564909838127
2016-12-19,5316608.0,0.574685627939095
2016-12-20,5424396.0,0.6679396668099306
2016-12-21,5433547.0,0.67585676063955
2016-12-22,5371451.0,0.6221336857358185
2016-12-23,5045266.0,0.33993094824107384
2016-12-24,2701965.0,-1.6874031013754707
2016-12-25,1924481.0,-2.360052405170446
2016-12-26,2833722.0,-1.5734120040408444
2016-12-27,4581026.0,-0.06171167436438084
2016-12-28,4895656.0,0.21049412080698357
2016-12-29,4622797.0,-0.025573009042882372
2016-12-30,4839158.0,0.16161422055719254
2016-12-31,3178298.0,-1.2752980795041884
2017-01-01,2191499.0,-2.1290386842440645
2017-01-02,2860524.0,-1.5502239427555795
2017-01-03,5024005.0,0.3215367473983749
2017-01-04,5314612.0,0.5729587653793834
2017-01-05,5313227.0,0.5717605165591426
2017-01-06,5262078.0,0.5275083657241297
2017-01-07,2892290.0,-1.5227412192727152
2017-01-08,2347503.0,-1.9940700135199965
2017-01-09,5003464.0,0.3037654629098805
2017-01-10,5212815.0,0.4848879096724915
2017-01-11,5309512.0,0.5685464412037677
2017-01-12,5340054.0,0.5949702068844841
2017-01-13,5403332.0,0.6497159028030348
2017-01-14,3093909.0,-1.3483082020249788
2017-01-15,2570024.0,-1.8015533884450603
2017-01-16,3491606.0,-1.004236027972072
2017-01-17,5197970.0,0.47204458567503765
2017-01-18,5315386.0,0.5736284004601533
2017-01-19,5412798.0,0.6579055225376187
2017-01-20,5326948.0,0.5836313989147549
2017-01-21,3410994.0,-1.0739784351180974
2017-01-22,2426048.0,-1.9261158954074997
2017-01-23,4920693.0,0.23215517186284426
2017-01-24,5051990.0,0.34574829486006203
2017-01-25,5325877.0,0.5827048108378756
2017-01-26,5346813.0,0.6008178341595795
2017-01-27,5321256.0,0.5787068990701266
2017-01-28,3244494.0,-1.2180278420279032
2017-01-29,2615356.0,-1.7623338826550583
2017-01-30,5116191.0,0.40129253493823885
2017-01-31,5329804.0,0.5861023004530996
2017-02-01,5491178.0,0.7257168889856102
2017-02-02,5506834.0,0.7392618590431471
2017-02-03,5471969.0,0.7090979997523942
2017-02-04,3254140.0,-1.209682493204768
2017-02-05,2500301.0,-1.8618750508953448
2017-02-06,5263675.0,0.5288900288042195
2017-02-07,5366097.0,0.6175016105130251
2017-02-08,5568362.0,0.7924935221563395
2017-02-09,3266887.0,-1.198654278250538
2017-02-10,5386387.0,0.635055739439151
2017-02-11,3376502.0,-1.1038195891309084
2017-02-12,2376227.0,-1.9692191116336466
2017-02-13,5165021.0,0.44353837601575125
2017-02-14,5486469.0,0.7216428429967916
2017-02-15,5494803.0,0.7288530997967095
2017-02-16,5433882.0,0.6761465897765757
2017-02-17,5484829.0,0.7202239779677702
2017-02-18,3297138.0,-1.1724822745963126
2017-02-19,2799088.0,-1.60337601100129
2017-02-20,3397143.0,-1.0859617884821078
2017-02-21,5151967.0,0.43224455644938126
2017-02-22,5276763.0,0.5402132638650936
2017-02-23,5369492.0,0.6204388341554202
2017-02-24,5353837.0,0.6068947292594863
2017-02-25,3215035.0,-1.2435146376925035
2017-02-26,2533030.0,-1.833559176788732
2017-02-27,5264944.0,0.529987918878505
2017-02-28,5503036.0,0.7359759752747181
2017-03-01,5508609.0,0.7407975208885821
2017-03-02,5602463.0,0.8219963979823532
2017-03-03,5589986.0,0.81120177666095
2017-03-04,3251557.0,-1.211917205625477
2017-03-05,2525022.0,-1.8404873909060517
2017-03-06,5324443.0,0.5814641690990848
2017-03-07,5511506.0,0.7433038940526524
2017-03-08,5617764.0,0.8352342356708033
2017-03-09,5620141.0,0.8372907248012814
2017-03-10,5453613.0,0.69321709336659
2017-03-11,3248927.0,-1.2141925806415297
2017-03-12,2387225.0,-1.9597040643231718
2017-03-13,5370964.0,0.6217123520351273
2017-03-14,1507512.0,-2.720797973637562
2017-03-15,5117690.0,0.4025894121812286
2017-03-16,5839719.0,1.0272611792784065
2017-03-17,5903078.0,1.082076953286805
2017-03-18,3499078.0,-0.9977715404739933
2017-03-19,2841996.0,-1.5662536569371102
2017-03-20,5378126.0,0.6279086394362566
2017-03-21,5633310.0,0.8486840379520035
2017-03-22,5701071.0,0.9073082533370808
2017-03-23,5687944.0,0.8959512769736871
2017-03-24,5724486.0,0.927566012272775
2017-03-25,3518906.0,-0.980617116208482
2017-03-26,2718462.0,-1.6731305304097586
2017-03-27,5280228.0,0.5432110488197032
2017-03-28,5572020.0,0.7956582833003399
2017-03-29,5692321.0,0.8997380893102891
2017-03-30,5786780.0,0.9814603891739128
2017-03-31,5590726.0,0.8118419962472158
2017-04-01,3383673.0,-1.0976155152753515
2017-04-02,2922350.0,-1.4967344614846747
2017-04-03,5467416.0,0.7051589189736533
2017-04-04,5534044.0,0.7628029062624614
2017-04-05,5763301.0,0.9611472598956226
2017-04-06,5629184.0,0.8451143811777702
2017-04-07,5702034.0,0.9081414039608293
2017-04-08,3604167.0,-0.9068525727698217
2017-04-09,3016591.0,-1.4152007668505184
2017-04-10,5178330.0,0.455052811790902
2017-04-11,5358984.0,0.6113477160304458
2017-04-12,5341829.0,0.596505868729919
2017-04-13,5494425.0,0.7285260687107521
2017-04-14,5083117.0,0.3726781800785697
2017-04-15,3465364.0,-1.0269395987596222
2017-04-16,2784778.0,-1.6157564735411059
2017-04-17,4949240.0,0.25685294014545224
2017-04-18,5297350.0,0.558024345787329
2017-04-19,5680712.0,0.8896944282603435
2017-04-20,5698637.0,0.905202449995228
2017-04-21,5706941.0,0.912386751947054
2017-04-22,3655383.0,-0.8625424561074037
2017-04-23,2945243.0,-1.4769283169057785
2017-04-24,5426284.0,0.6695730919165114
2017-04-25,5534055.0,0.762812423040095
2017-04-26,5668290.0,0.8789473908271087
2017-04-27,5816035.0,1.0067706918714885
2017-04-28,5801878.0,0.9945225990569413
2017-04-29,3683486.0,-0.8382288195765552
2017-04-30,2915097.0,-1.5030094785916825
2017-05-01,5395466.0,0.6429105416333499
2017-05-02,5696161.0,0.9030603098660468
2017-05-03,5775371.0,0.9715897604445796
2017-05-04,5832985.0,1.0214351810433877
2017-05-05,5480394.0,0.7163869862581906
2017-05-06,3477189.0,-1.0167090628034152
2017-05-07,2853397.0,-1.5563899495006015
2017-05-08,5438804.0,0.6804049151868464
2017-05-09,5698899.0,0.9054291223352303
2017-05-10,5761160.0,0.959294948903467
2017-05-11,5778950.0,0.9746861738219381
2017-05-12,5802467.0,0.9950321792411447
2017-05-13,3134433.0,-1.3132483932224985
2017-05-14,2622986.0,-1.7557326996236962
2017-05-15,5425036.0,0.6684933702358902
2017-05-16,5714424.0,0.9188607562227662
2017-05-17,5844728.0,1.0315947737481435
2017-05-18,5860659.0,1.0453776632465226
2017-05-19,5789331.0,0.9836674164233237
2017-05-20,3654636.0,-0.8631887318248909
2017-05-21,2993745.0,-1.4349662488340704
2017-05-22,5336623.0,0.5920018374243787
2017-05-23,5660692.0,0.8723738929670444
2017-05-24,5769910.0,0.9668651129302586
2017-05-25,5661452.0,0.8730314157853715
2017-05-26,5534952.0,0.7635884729980416
2017-05-27,3228739.0,-1.2316584630841434
2017-05-28,2740407.0,-1.6541445590305652
2017-05-29,2482117.0,-1.8776071494854223
2017-05-30,5324711.0,0.5816960324087055
2017-05-31,5505020.0,0.7376924558951929
2017-06-01,5697032.0,0.9038138656223137
2017-06-02,5693448.0,0.9007131264369399
2017-06-03,3542637.0,-0.9600859662062202
2017-06-04,2894505.0,-1.5208248863219331
2017-06-05,5384447.0,0.6333773259292109
2017-06-06,5651293.0,0.8642422390598656
2017-06-07,5772734.0,0.9693083292973054
2017-06-08,5697946.0,0.9046046233275122
2017-06-09,5779020.0,0.9747467351341524
2017-06-10,3644448.0,-0.8720029982368854
2017-06-11,3032886.0,-1.4011029585286248
2017-06-12,5377386.0,0.6272684198499908
2017-06-13,5606090.0,0.8251343391166588
2017-06-14,5680696.0,0.8896805856746945
2017-06-15,5759837.0,0.9581503401026161
2017-06-16,5623123.0,0.839870636701612
2017-06-17,3348881.0,-1.127716217769081
2017-06-18,2761140.0,-1.636207163514283
2017-06-19,5227134.0,0.4972761586667348
2017-06-20,5495852.0,0.7297606543183214
2017-06-21,5648166.0,0.8615368787270911
2017-06-22,5679374.0,0.8885368420354467
2017-06-23,5569739.0,0.7936848496837557
2017-06-24,3458939.0,-1.0324982620592948
2017-06-25,3227240.0,-1.2329553403271332
2017-06-26,5221766.0,0.49263197118149854
2017-06-27,5476541.0,0.7130535186015932
2017-06-28,5619442.0,0.8366859768407412
2017-06-29,5543410.0,0.7709060098367391
2017-06-30,5442787.0,0.6838508538518419
2017-07-01,3154277.0,-1.2960801263713382
2017-07-02,2684781.0,-1.7022700383624862
2017-07-03,4122047.0,-0.45880268177612693
2017-07-04,2803254.0,-1.5997717477629343
2017-07-05,5082316.0,0.3719851856345171
2017-07-06,5153731.0,0.43377070151718244
2017-07-07,5169860.0,0.44772489301296775
2017-07-08,3352758.0,-1.12436198623401
2017-07-09,2820926.0,-1.5844826119136244
2017-07-10,5144108.0,0.4254452514109178
2017-07-11,5337109.0,0.5924223059634668
2017-07-12,5432613.0,0.6750486997022902
2017-07-13,5413702.0,0.6586876286267866
2017-07-14,5231496.0,0.5010499935792908
2017-07-15,3380301.0,-1.1005328402008763
2017-07-16,2885802.0,-1.5283543877533807
2017-07-17,5134761.0,0.41735858590709823
2017-07-18,5382997.0,0.6321228416047712
2017-07-19,5489871.0,0.7245861227704082
2017-07-20,5475692.0,0.7123189964005936
2017-07-21,5355277.0,0.6081405619678953
2017-07-22,3344173.0,-1.1317893985962963
2017-07-23,2687613.0,-1.699819900702615
2017-07-24,4936836.0,0.24612147562107245
2017-07-25,5309112.0,0.568200376562543
2017-07-26,5525675.0,0.7555623688064363
2017-07-27,5470685.0,0.7079871322540627
2017-07-28,5401284.0,0.6479440518399641
2017-07-29,3308737.0,-1.1624472651623978
2017-07-30,2835793.0,-1.5716202543609032
2017-07-31,5046028.0,0.34059020138260704
2017-08-01,5293767.0,0.5549244717635581
2017-08-02,5379583.0,0.6291691798919178
2017-08-03,5365045.0,0.616591460506604
2017-08-04,5297934.0,0.558529600163517
2017-08-05,3286600.0,-1.181599347569379
2017-08-06,2809752.0,-1.594149927666238
2017-08-07,4835989.0,0.1588725234370894
2017-08-08,5189350.0,0.4645868926566441
2017-08-09,5354059.0,0.607086795135366
2017-08-10,5334363.0,0.5900465722014588
2017-08-11,5273264.0,0.5371860634159801
2017-08-12,3266022.0,-1.1994026430371867
2017-08-13,2799109.0,-1.6033578426076258
2017-08-14,4918296.0,0.23008137950030488
2017-08-15,5131755.0,0.4147579101282942
2017-08-16,5295489.0,0.5564142800440307
2017-08-17,5281771.0,0.5445459931732276
2017-08-18,5017702.0,0.31608363381427573
2017-08-19,3175925.0,-1.2773511079882542
2017-08-20,2739989.0,-1.6545061965806451
2017-08-21,4741971.0,0.07753175984041605
2017-08-22,5020455.0,0.31846542370750514
2017-08-23,5085031.0,0.37433409938683015
2017-08-24,5118319.0,0.4031335988295546
2017-08-25,5133788.0,0.41651678366731903
2017-08-26,3249187.0,-1.2139676386247336
2017-08-27,2675386.0,-1.7103982316232527
2017-08-28,4868436.0,0.18694442197163874
2017-08-29,5115396.0,0.40060473146380465
2017-08-30,5210134.0,0.48256841141468254
2017-08-31,5242906.0,0.510921487470227
2017-09-01,5136489.0,0.41885358515718923
2017-09-02,3156501.0,-1.2941560069661286
2017-09-03,2433177.0,-1.9199481583392715
2017-09-04,2793664.0,-1.6080686475362977
2017-09-05,5172443.0,0.44995960543367663
2017-09-06,5367512.0,0.6187258141813576
2017-09-07,5612671.0,0.8308279676264091
2017-09-08,5706097.0,0.9116565555540698
2017-09-09,3488686.0,-1.0067622998530126
2017-09-10,2823447.0,-1.5823015395123052
2017-09-11,5451217.0,0.6911441661656537
2017-09-12,5732172.0,0.9342156443539087
2017-09-13,5837796.0,1.0255974735157185
2017-09-14,5754994.0,0.9539603624589873
2017-09-15,5779855.0,0.9754691450727091
2017-09-16,3576645.0,-0.9306635504092913
2017-09-17,2936381.0,-1.4845953790321131
2017-09-18,5475444.0,0.7121044363230342
2017-09-19,5669989.0,0.8804173003907109
2017-09-20,5697604.0,0.9043087380592651
2017-09-21,5251850.0,0.5186594928480126
2017-09-22,5292667.0,0.5539727940001901
2017-09-23,3527541.0,-0.9731464457660426
2017-09-24,2903372.0,-1.5131534983875832
2017-09-25,5361194.0,0.6132597231732126
2017-09-26,5644734.0,0.8585676441053827
2017-09-27,5751693.0,0.95110446400728
2017-09-28,5744081.0,0.9445188538847729
2017-09-29,5669070.0,0.879622216877497
2017-09-30,3329026.0,-1.144894001397875
2017-10-01,2800434.0,-1.6022115034835687
2017-10-02,5348235.0,0.6020480939591335
2017-10-03,5648317.0,0.8616675181291534
2017-10-04,5766761.0,0.9641407190422167
2017-10-05,5703170.0,0.9091242275419076
2017-10-06,5695139.0,0.9021761147077175
2017-10-07,3542921.0,-0.9598402603109506
2017-10-08,2772203.0,-1.626635880699609
2017-10-09,4203615.0,-0.38823318013757413
2017-10-10,5607623.0,0.8264606318541526
2017-10-11,5732520.0,0.9345167205917743
2017-10-12,5689658.0,0.8974341639613352
2017-10-13,5737600.0,0.9389117415353287
2017-10-14,3446532.0,-1.0432323220684838
2017-10-15,2814184.0,-1.5903155314414676
2017-10-16,5431198.0,0.6738244960339576
2017-10-17,5710254.0,0.9152530323379982
2017-10-18,5769116.0,0.9661781746174274
2017-10-19,5780642.0,0.9761500272543189
2017-10-20,5755093.0,0.9540460134576905
2017-10-21,3567802.0,-0.9383141744651675
2017-10-22,2842230.0,-1.5660512091219938
2017-10-23,5398440.0,0.645483532240856
2017-10-24,5557329.0,0.7829481941897576
2017-10-25,5739761.0,0.9407813557595455
2017-10-26,5837709.0,1.025522204456252
2017-10-27,5837386.0,1.025242757258463
2017-10-28,3579593.0,-0.9281130540034648
2017-10-29,2446552.0,-1.9083766218983187
2017-10-30,5322090.0,0.5794284438470803
2017-10-31,5677653.0,0.8870478989165772
2017-11-01,5774908.0,0.971189190622362
2017-11-02,5805965.0,0.9980585145286552
2017-11-03,5841358.0,1.028679179145825
2017-11-04,3565353.0,-0.9404329552310662
2017-11-05,3094456.0,-1.347834958628104
2017-11-06,5354181.0,0.6071923448509395
2017-11-07,5275255.0,0.5389086001676763
2017-11-08,5653224.0,0.8659128661153782
2017-11-09,5711058.0,0.9159486222668599
2017-11-10,5400486.0,0.6472536528807207
2017-11-11,3340945.0,-1.1345821402509801
2017-11-12,2668286.0,-1.7165408790049923
2017-11-13,5313526.0,0.5720191998784582
2017-11-14,5568757.0,0.7928352609895489
2017-11-15,5711888.0,0.9166667063974012
2017-11-16,5621008.0,0.8380408199111361
2017-11-17,5649652.0,0.8628225088692411
2017-11-18,3325455.0,-1.147983493482409
2017-11-19,2694084.0,-1.6942214399692015
2017-11-20,5421195.0,0.6651702845185294
2017-11-21,5570133.0,0.7940257233553621
2017-11-22,5413949.0,0.6589013235427429
2017-11-23,2363364.0,-1.9803476853338318
2017-11-24,3542284.0,-0.960391368252101
2017-11-25,2985187.0,-1.4423703018330742
2017-11-26,2463191.0,-1.8939811979849719
2017-11-27,5283448.0,0.5459968691815624
2017-11-28,5513489.0,0.7450195095115241
2017-11-29,5590078.0,0.8112813715284316
2017-11-30,5626767.0,0.8430232855831695
2017-12-01,5700526.0,0.906836740263412
2017-12-02,3661360.0,-0.8573713852059027
2017-12-03,2799126.0,-1.6033431348603737
2017-12-04,5404969.0,0.6511321723472471
2017-12-05,5567282.0,0.7915591476250327
2017-12-06,5725952.0,0.9288343391828637
2017-12-07,5760313.0,0.9585621570256736
2017-12-08,5701574.0,0.9077434296234208
2017-12-09,3417617.0,-1.0682484698210184
2017-12-10,2811102.0,-1.5929819595021044
2017-12-11,5211891.0,0.48408850035126233
2017-12-12,5586550.0,0.8082290813928293
2017-12-13,5533356.0,0.7622076750795548
2017-12-14,5641945.0,0.8561547083944431
2017-12-15,5535925.0,0.7644302752378208
2017-12-16,3643821.0,-0.8725454545620053
2017-12-17,2881110.0,-1.5324137259949473
2017-12-18,5365084.0,0.6166252018091234
2017-12-19,5579193.0,0.8018640874791029
2017-12-20,5623868.0,0.8405151820958932
2017-12-21,5535643.0,0.7641862996657574
2017-12-22,5286857.0,0.5489462050864005
2017-12-23,2909812.0,-1.5075818576638647
2017-12-24,2475871.0,-1.883010948858147
2017-12-25,1731989.0,-2.5265890924670367
2017-12-26,3890211.0,-0.6593782871835847
2017-12-27,4474882.0,-0.15354338755978275
2017-12-28,4432070.0,-0.19058268611006865
2017-12-29,4386599.0,-0.22992244936289613
2017-12-30,2944073.0,-1.477940555981361
2017-12-31,2466898.0,-1.8907740439224214
2018-01-01,1782400.0,-2.4829754308950833
2018-01-02,4775046.0,0.10614697986168826
2018-01-03,5173984.0,0.451292819463995
2018-01-04,3079460.0,-1.36080892202762
2018-01-05,4623533.0,-0.024936250103028818
2018-01-06,2541986.0,-1.8258107894717097
2018-01-07,2129924.0,-2.182311009952601
2018-01-08,4992158.0,0.2939839458256627
2018-01-09,5267204.0,0.5319431841014249
2018-01-10,5312229.0,0.5708970852792868
2018-01-11,5348126.0,0.6019537913443997
2018-01-12,5089623.0,0.37830692146809036
2018-01-13,3065730.0,-1.37268759083766
2018-01-14,2352353.0,-1.9898739797451463
2018-01-15,3310571.0,-1.1608605587823821
2018-01-16,5134957.0,0.4175281575812984
2018-01-17,5146919.0,0.4278772206771248
2018-01-18,5301247.0,0.5613958805544611
2018-01-19,5306649.0,0.5660694835342015
2018-01-20,3312778.0,-1.1589511471244245
2018-01-21,2423522.0,-1.9283012936168342
2018-01-22,5003555.0,0.3038441926157591
2018-01-23,5121406.0,0.40580435269820664
2018-01-24,5284777.0,0.5471466689520317
2018-01-25,5278952.0,0.5421071026141961
2018-01-26,5272214.0,0.5362776437327651
2018-01-27,3198793.0,-1.2575665924494348
2018-01-28,2381571.0,-1.9645956880268838
2018-01-29,5076251.0,0.3667379805119467
2018-01-30,5321082.0,0.5785563609511938
2018-01-31,5391267.0,0.639277728062093
2018-02-01,5452428.0,0.6921918768669616
2018-02-02,5346499.0,0.6005461734162181
2018-02-03,3070724.0,-1.3683669737919688
2018-02-04,2304670.0,-2.0311274804639465
2018-02-05,5154328.0,0.43428720299421036
2018-02-06,5372739.0,0.6232480138805622
2018-02-07,5253588.0,0.5201631437141342
2018-02-08,5483640.0,0.7191953008217296
2018-02-09,5433146.0,0.6755098308367221
2018-02-10,3100541.0,-1.3425704502734723
2018-02-11,2217801.0,-2.1062832037603307
2018-02-12,5098259.0,0.38577845707213293
2018-02-13,5415596.0,0.6603262447029858
2018-02-14,5496647.0,0.7304484577927557
2018-02-15,5438849.0,0.6804438474589841
2018-02-16,5095784.0,0.3836371821045547
2018-02-17,3009081.0,-1.4216981304895133
2018-02-18,2450862.0,-1.904647775389122
2018-02-19,3215409.0,-1.2431910672529585
2018-02-20,5023123.0,0.3207736748644743
2018-02-21,5221824.0,0.4926821505544761
2018-02-22,5129994.0,0.4132343605453022
2018-02-23,5100446.0,0.3876705654980293
2018-02-24,3136165.0,-1.3117499333259952
2018-02-25,2343586.0,-1.99745885151919
2018-02-26,5210297.0,0.48270943275598166
2018-02-27,5403620.0,0.6499650693447167
2018-02-28,5463964.0,0.7021723811198837
2018-03-01,5448948.0,0.6891811144883062
2018-03-02,4955866.0,0.26258550092734034
2018-03-03,3127168.0,-1.3195337922687431
2018-03-04,2546897.0,-1.8215619808390728
2018-03-05,5265107.0,0.5301289402198042
2018-03-06,5550295.0,0.7768626474738203
2018-03-07,4277333.0,-0.3244551970830573
2018-03-08,5270722.0,0.5349868226209967
2018-03-09,5550473.0,0.7770166462391652
2018-03-10,3373701.0,-1.1062429067810846
2018-03-11,2496146.0,-1.865469797356067
2018-03-12,5268608.0,0.5331578709921239
2018-03-13,5294248.0,0.5553406144946309
2018-03-14,5626584.0,0.8428649610098092
2018-03-15,5632427.0,0.8479201002564999
2018-03-16,5625481.0,0.841910687761632
2018-03-17,3483233.0,-1.0114800260745092
2018-03-18,2724206.0,-1.668161042161771
2018-03-19,5223958.0,0.4945284054154102
2018-03-20,5460409.0,0.6990967316209986
2018-03-21,3491438.0,-1.0043813751213861
2018-03-22,5088846.0,0.3776346909025113
2018-03-23,5604531.0,0.8237855521774853
2018-03-24,3532023.0,-0.9692687914611191
2018-03-25,2676309.0,-1.7095996874636266
2018-03-26,5308028.0,0.5672625413848238
2018-03-27,5603793.0,0.8231470629144255
2018-03-28,5613529.0,0.8315702762818362
2018-03-29,5651971.0,0.8648288186267417
2018-03-30,4859818.0,0.17948845927645132
2018-03-31,3299120.0,-1.170767524299044
2018-04-01,2531924.0,-1.8345160455217184
2018-04-02,4566395.0,-0.07436985377877944
2018-04-03,5160526.0,0.439649474609988
2018-04-04,5243308.0,0.5112692824346579
2018-04-05,5376199.0,0.6262414730271564
2018-04-06,5204919.0,0.47805659365471476
2018-04-07,3343988.0,-1.131949453492863
2018-04-08,2684225.0,-1.7027510682137887
2018-04-09,5231116.0,0.5007212321701273
2018-04-10,5496227.0,0.7300850899194696
2018-04-11,5589821.0,0.8110590249964448
2018-04-12,5599176.0,0.8191526117930887
2018-04-13,5648097.0,0.8614771825764799
2018-04-14,3653167.0,-0.8644596542197888
2018-04-15,2553401.0,-1.8159349697727583
2018-04-16,4898393.0,0.21286206811456398
2018-04-17,5562198.0,0.787160666035066
2018-04-18,5642521.0,0.8566530414778066
2018-04-19,5619170.0,0.8364506528847083
2018-04-20,5702634.0,0.9086605009226665
2018-04-21,3549630.0,-0.9540358911160084
2018-04-22,2857615.0,-1.5527406978588865
2018-04-23,5335944.0,0.5914143926958997
2018-04-24,5575932.0,0.799042795491518
2018-04-25,5471303.0,0.7085218021247549
2018-04-26,5745681.0,0.9459031124496718
2018-04-27,5679016.0,0.8882271141815505
2018-04-28,3477728.0,-1.0162427406993648
2018-04-29,2760187.0,-1.637031662522001
2018-04-30,5355781.0,0.6085766034158385
2018-05-01,5622537.0,0.8393636520022177
2018-05-02,5718197.0,0.9221250109511188
2018-05-03,5776437.0,0.9725120227134436
2018-05-04,5694051.0,0.9012348188835861
2018-05-05,3541766.0,-0.9608395219624871
2018-05-06,2727725.0,-1.6651165384805962
2018-05-07,5334023.0,0.5897524172564178
2018-05-08,5647011.0,0.8605376170755547
2018-05-09,5727749.0,0.9303890345835659
2018-05-10,5748360.0,0.9482208803842748
2018-05-11,5712012.0,0.9167739864361809
2018-05-12,3320073.0,-1.152639793230088
2018-05-13,2487967.0,-1.8725459541075102
2018-05-14,5290873.0,0.552420694084297
2018-05-15,5620771.0,0.8378357766112104
2018-05-16,5632689.0,0.8481467725965022
2018-05-17,5622943.0,0.8397149076130609
2018-05-18,5690715.0,0.8983486397757717
2018-05-19,3224836.0,-1.235035188820894
2018-05-20,2705846.0,-1.6840454091939874
2018-05-21,5304327.0,0.5640605782918917
2018-05-22,5552348.0,0.7786388242449063
2018-05-23,5639678.0,0.8541933870403017
2018-05-24,5708719.0,0.9139250092772981
2018-05-25,5516411.0,0.7475475117156709
2018-05-26,3125941.0,-1.3205953455557
2018-05-27,2394000.0,-1.9538425944624274
2018-05-28,2599323.0,-1.7762050186369498
2018-05-29,5271718.0,0.5358485235776463
2018-05-30,5565712.0,0.7902008439082255
2018-05-31,5606259.0,0.8252805514275762
2018-06-01,5593796.0,0.8144980423686158
2018-06-02,3307594.0,-1.1634361448746975
2018-06-03,2724599.0,-1.6678210336517676
2018-06-04,5266322.0,0.5311801115675244
2018-06-05,5505202.0,0.7378499153069502
2018-06-06,5646418.0,0.8600245762449389
2018-06-07,5515027.0,0.7463501280570333
2018-06-08,5673615.0,0.8835543763634133
2018-06-09,3452530.0,-1.0380430827733185
2018-06-10,2749727.0,-1.6460812528900284
2018-06-11,5207981.0,0.4807057184832903
2018-06-12,5517405.0,0.7484074823491145
2018-06-13,5573861.0,0.7972510458115769
2018-06-14,5649539.0,0.8627247456080951
2018-06-15,5461516.0,0.7000544655155881
2018-06-16,3460467.0,-1.0311762951298162
2018-06-17,2694161.0,-1.6941548225257657
2018-06-18,5173751.0,0.4510912368104816
2018-06-19,5435652.0,0.6776779258139953
2018-06-20,5562155.0,0.7871234640861343
2018-06-21,5605417.0,0.8245520853577981
2018-06-22,5539935.0,0.767899573266099
2018-06-23,3265442.0,-1.1999044367669625
2018-06-24,3005395.0,-1.4248871161583994
2018-06-25,5235823.0,0.5047935478357396
2018-06-26,5470644.0,0.7079516606283371
2018-06-27,5415552.0,0.6602881775924512
2018-06-28,5278172.0,0.5414322765638079
2018-06-29,5363182.0,0.6149796644400997
2018-06-30,3246854.0,-1.215986060644677
2018-07-01,2523949.0,-1.8414157093061372
2018-07-02,4819195.0,0.1443429994752679
2018-07-03,5091259.0,0.37972232585069965
2018-07-04,2730495.0,-1.6627200408401146
2018-07-05,4876273.0,0.19372469345483484
2018-07-06,4766461.0,0.09871956749940189
2018-07-07,3032405.0,-1.4015191012596977
2018-07-08,2576625.0,-1.7958424567032487
2018-07-09,5018573.0,0.3168371895705427
2018-07-10,5266099.0,0.5309871805300416
2018-07-11,5341250.0,0.5960049401617461
2018-07-12,5408345.0,0.654052957919184
2018-07-13,5343196.0,0.5976885446413046
2018-07-14,3286325.0,-1.1818372670102208
2018-07-15,2576708.0,-1.7957706482901945
2018-07-16,5006866.0,0.30670874268349707
2018-07-17,5152905.0,0.4330560780330533
2018-07-18,5332364.0,0.5883171141569381
2018-07-19,5432056.0,0.6745668046893847
2018-07-20,5329485.0,0.5858263139017229
2018-07-21,3236016.0,-1.2253626820986618
2018-07-22,2449727.0,-1.9056297338085972
2018-07-23,4859205.0,0.1789581152137744
2018-07-24,5250671.0,0.5176394673180027
2018-07-25,5245856.0,0.5134737141992596
2018-07-26,5349648.0,0.60327056730426
2018-07-27,5324974.0,0.5819235699103107
2018-07-28,3176025.0,-1.2772645918279482
2018-07-29,2733560.0,-1.66006832052673
2018-07-30,4955782.0,0.26251282735268316
2018-07-31,5188109.0,0.4635132271072443
2018-08-01,5262891.0,0.5282117421074191
2018-08-02,5287378.0,0.5493969542815956
2018-08-03,5122061.0,0.4063710335482122
2018-08-04,3005021.0,-1.4252106865979446
2018-08-05,2652343.0,-1.730334150442608
2018-08-06,4874781.0,0.19243387234306647
2018-08-07,5173806.0,0.45113882069865
2018-08-08,5162190.0,0.44108910351748304
2018-08-09,5244250.0,0.5120842646647422
2018-08-10,5156189.0,0.43589726873750856
2018-08-11,2826831.0,-1.579373832647544
2018-08-12,2500001.0,-1.8621345993762635
2018-08-13,4693624.0,0.03570379181718255
2018-08-14,5042694.0,0.3377057525979987
2018-08-15,5179497.0,0.4560624553816752
2018-08-16,5176612.0,0.45356646415684165
2018-08-17,5052559.0,0.34624057181220425
2018-08-18,2981570.0,-1.445499591351349
2018-08-19,2401810.0,-1.947085682342514
2018-08-20,4682323.0,0.02592660054098006
2018-08-21,4913456.0,0.22589399734148533
2018-08-22,5011393.0,0.31062532926055825
2018-08-23,5069541.0,0.3609327461554014
2018-08-24,5010804.0,0.3101157490763548
2018-08-25,3101425.0,-1.3418056474163655
2018-08-26,2562225.0,-1.80830078378734
2018-08-27,4807247.0,0.1340060486418844
2018-08-28,5061643.0,0.3540996998144185
2018-08-29,5094081.0,0.3821638118945403
2018-08-30,5135247.0,0.41777905444618635
2018-08-31,4942158.0,0.2507258656725679
2018-09-01,2985511.0,-1.4420899894736823
2018-09-02,2581820.0,-1.7913479421753422
2018-09-03,2582585.0,-1.7906860935489999
2018-09-04,4961324.0,0.26730755295685216
2018-09-05,5388719.0,0.6370732962974913
2018-09-06,5495068.0,0.7290823676215209
2018-09-07,5481131.0,0.7170246103596473
2018-09-08,3260006.0,-1.204607455241207
2018-09-09,2483151.0,-1.8767125723878564
2018-09-10,4526692.0,-0.10871936490514592
2018-09-11,4931245.0,0.24128435709835339
2018-09-12,5573865.0,0.7972545064579891
2018-09-13,5624776.0,0.8413007488314733
2018-09-14,5625606.0,0.8420188329620147
2018-09-15,3364429.0,-1.1142646851646747
2018-09-16,2765020.0,-1.6328503364944027
2018-09-17,5284603.0,0.546996130833099
2018-09-18,5303160.0,0.5630509347011186
2018-09-19,5025882.0,0.32316065572732205
2018-09-20,5662150.0,0.8736352985843087
2018-09-21,5678199.0,0.887520277151849
2018-09-22,3459645.0,-1.031887457967533
2018-09-23,2721148.0,-1.6708067063439342
2018-09-24,5272752.0,0.5367431006752124
2018-09-25,5384493.0,0.6334171233629518
2018-09-26,5636113.0,0.851109085925386
2018-09-27,5726416.0,0.9292357741666845
2018-09-28,5625003.0,0.8414971405153684
2018-09-29,3409603.0,-1.0751818749079565
2018-09-30,2758199.0,-1.6387516037888878
2018-10-01,5213651.0,0.48561118477265125
2018-10-02,5459096.0,0.6979607744361783
2018-10-03,5661841.0,0.8733679636489625
2018-10-04,5756785.0,0.9555098668900712
2018-10-05,5729748.0,0.9321184926280867
2018-10-06,3425816.0,-1.061155009837514
2018-10-07,2812782.0,-1.5915284880089604
2018-10-08,4295909.0,-0.3083839551445795
2018-10-09,5531611.0,0.7606979680822118
2018-10-10,5670071.0,0.8804882436421619
2018-10-11,5607172.0,0.8260704439711717
2018-10-12,5648433.0,0.8617678768751086
2018-10-13,3353124.0,-1.1240453370872894
2018-10-14,2742881.0,-1.65200414922459
2018-10-15,5269329.0,0.5337816525079315
2018-10-16,5575418.0,0.7985981024275443
2018-10-17,5665846.0,0.8768329358692254
2018-10-18,5681092.0,0.8900231896695071
2018-10-19,5638823.0,0.8534536738696837
2018-10-20,3453072.0,-1.037574165184459
2018-10-21,2714302.0,-1.676729602678496
2018-10-22,5303490.0,0.5633364380301289
2018-10-23,5597390.0,0.8176074331700203
2018-10-24,5667639.0,0.8783841706235154
2018-10-25,5724757.0,0.9278004710672048
2018-10-26,5703115.0,0.9090766436537392
2018-10-27,2976469.0,-1.4499127806885679
2018-10-28,2715760.0,-1.6754681970612317
2018-10-29,5336877.0,0.5922215884715565
2018-10-30,5618688.0,0.8360336449920325
2018-10-31,5641556.0,0.8558181605308519
2018-11-01,5785626.0,0.9804619926839794
2018-11-02,5637568.0,0.8523678960578411
2018-11-03,3482648.0,-1.0119861456123003
2018-11-04,3235557.0,-1.2257597912744673
2018-11-05,5307871.0,0.5671267110131432
2018-11-06,5077777.0,0.3680582171182192
2018-11-07,5578499.0,0.801263665326578
2018-11-08,5648062.0,0.8614469019203727
2018-11-09,5477684.0,0.7140423983138929
2018-11-10,3312166.0,-1.1594806260254984
2018-11-11,2661126.0,-1.7227354360829155
2018-11-12,4638153.0,-0.012287587466263895
2018-11-13,5404837.0,0.651017971015643
2018-11-14,5569310.0,0.7933136953560422
2018-11-15,5516646.0,0.7477508246923905
2018-11-16,5397894.0,0.6450111540055842
2018-11-17,3341810.0,-1.1338337754643317
2018-11-18,2590313.0,-1.7840001246805375
2018-11-19,5349034.0,0.6027393580799799
2018-11-20,5547491.0,0.7744367343388346
2018-11-21,5370769.0,0.6215436455225303
2018-11-22,2113311.0,-2.196683939664268
2018-11-23,3337512.0,-1.1375522400342917
2018-11-24,2760952.0,-1.6363698138956586
2018-11-25,2410000.0,-1.940000008813437
2018-11-26,5095505.0,0.38339580201730045
2018-11-27,5428017.0,0.6710724169746177
2018-11-28,5542406.0,0.7700373875872649
2018-11-29,5619946.0,0.8371220182886844
2018-11-30,5637852.0,0.8526136019531106
2018-12-01,3511591.0,-0.9869457733348799
2018-12-02,2577123.0,-1.795411606224924
2018-12-03,5377865.0,0.6276828322578575
2018-12-04,5559244.0,0.7846049786596212
2018-12-05,5586099.0,0.8078388935098484
2018-12-06,5641239.0,0.8555439043026813
2018-12-07,5665622.0,0.8766391396701395
2018-12-08,3559733.0,-0.945295163440274
2018-12-09,2729169.0,-1.6638672451257748
2018-12-10,5359839.0,0.6120874292010637
2018-12-11,5532558.0,0.7615172761203114
2018-12-12,5613212.0,0.8312960200536655
2018-12-13,5536096.0,0.7645782178719444
2018-12-14,5653475.0,0.8661300216777467
2018-12-15,3516360.0,-0.9828198176498777
2018-12-16,2610097.0,-1.7668837675255609
2018-12-17,5359619.0,0.6118970936483901
2018-12-18,5551076.0,0.7775383386858116
2018-12-19,5561336.0,0.7864148967332266
2018-12-20,5514555.0,0.7459417717803881
2018-12-21,5165597.0,0.4440367090991149
2018-12-22,3318958.0,-1.153604448417502
2018-12-23,2822760.0,-1.582895905533609
2018-12-24,3408549.0,-1.0760937552375838
2018-12-25,1793854.0,-2.4730658698936123
2018-12-26,4024691.0,-0.5430313548038209
2018-12-27,4602836.0,-0.04284249980160088
2018-12-28,4243754.0,-0.3535064585522727
2018-12-29,3381803.0,-1.0992333674730772
2018-12-30,2832310.0,-1.5746336122243678
2018-12-31,3703362.0,-0.8210328675540969
2019-01-01,2032606.0,-2.2665068068393786
2019-01-02,4909184.0,0.2221980269732049
2019-01-03,5152191.0,0.43243835264846714
2019-01-04,5175626.0,0.4527134148162226
2019-01-05,2772974.0,-1.6259688411036484
2019-01-06,2370768.0,-1.9739420288247616
2019-01-07,4966250.0,0.2715693390135351
2019-01-08,5118721.0,0.40348139379398545
2019-01-09,5235142.0,0.5042043727840545
2019-01-10,5255233.0,0.521586334551171
2019-01-11,5207913.0,0.4806468874942821
2019-01-12,2890572.0,-1.5242275669067755
2019-01-13,2243750.0,-2.0838331253224776
2019-01-14,4990367.0,0.2924344413945788
2019-01-15,5242418.0,0.5104992886079328
2019-01-16,5315203.0,0.5734700758867929
2019-01-17,5305780.0,0.5653176581011407
2019-01-18,5186690.0,0.4622855627924995
2019-01-19,2894816.0,-1.520555821063381
2019-01-20,2029688.0,-2.269031348397113
2019-01-21,2602242.0,-1.7736796119176121
2019-01-22,4894578.0,0.20956147659888283
2019-01-23,5170323.0,0.4481254628351854
2019-01-24,5059185.0,0.3519731325940924
2019-01-25,5281683.0,0.5444698589521582
2019-01-26,3054291.0,-1.3825841744150849
2019-01-27,2388096.0,-1.958950508566905
2019-01-28,5057315.0,0.35035528039636665
2019-01-29,5264935.0,0.5299801324240775
2019-01-30,5215715.0,0.487396878321371
2019-01-31,4778540.0,0.10916985450278653
2019-02-01,5132623.0,0.41550887039975193
2019-02-02,2941975.0,-1.4797556650245849
2019-02-03,2334994.0,-2.0048923200126976
2019-02-04,5152527.0,0.4327290469470959
2019-02-05,5213742.0,0.4856899144785299
2019-02-06,5424245.0,0.6678090274078682
2019-02-07,5467428.0,0.7051693009128901
2019-02-08,5446099.0,0.6867162690811829
2019-02-09,3087024.0,-1.35426483966206
2019-02-10,2372415.0,-1.9725171076645185
2019-02-11,5205932.0,0.47893300235861647
2019-02-12,4883465.0,0.199946935704056
2019-02-13,5513267.0,0.7448274436356443
2019-02-14,5489430.0,0.724204586503458
2019-02-15,5363856.0,0.6155627833605634
2019-02-16,3108003.0,-1.3361146143914244
2019-02-17,2511579.0,-1.8521177583360129
2019-02-18,3191687.0,-1.2637144308007926
2019-02-19,5056352.0,0.34952212977261804
2019-02-20,4980917.0,0.2842586642456439
2019-02-21,5213932.0,0.48585429518311163
2019-02-22,5186759.0,0.46234525894311074
2019-02-23,3052212.0,-1.3843828453878506
2019-02-24,2244836.0,-2.082893559821552
2019-02-25,5130045.0,0.41327848378705834
2019-02-26,5379617.0,0.6291985953864219
2019-02-27,5361100.0,0.6131783979825248
2019-02-28,5475785.0,0.7123994564296784
2019-03-01,5396000.0,0.643372537929385
2019-03-02,2970088.0,-1.455433376877706
2019-03-03,2439392.0,-1.9145711789762418
2019-03-04,4326884.0,-0.28158557448973726
2019-03-05,5405851.0,0.6518952448811477
2019-03-06,5455807.0,0.6951152579237078
2019-03-07,5533787.0,0.7625805597304744
2019-03-08,5500050.0,0.7333926027279752
2019-03-09,3285854.0,-1.182244758125263
2019-03-10,2196035.0,-2.1251143112125757
2019-03-11,5284108.0,0.5465678758395833
2019-03-12,5566367.0,0.7907675247582311
2019-03-13,5666417.0,0.8773269431445737
2019-03-14,5695422.0,0.902420955441384
2019-03-15,5636752.0,0.8516619241897426
2019-03-16,3429327.0,-1.0581174274491636
2019-03-17,2684361.0,-1.7026334062357722
2019-03-18,5211949.0,0.4841386797242399
2019-03-19,5477479.0,0.7138650401852652
2019-03-20,5583505.0,0.8055946643115058
2019-03-21,5510949.0,0.7428219990397469
2019-03-22,5483812.0,0.7193441086174562
2019-03-23,3281966.0,-1.1856085064379678
2019-03-24,2647990.0,-1.7341001989007365
2019-03-25,5235788.0,0.5047632671796325
2019-03-26,5510398.0,0.7423452949964597
2019-03-27,5578201.0,0.8010058471688655
2019-03-28,5661609.0,0.8731672461570522
2019-03-29,5622726.0,0.8395271675451964
2019-03-30,3463093.0,-1.0289043807601757
2019-03-31,2547136.0,-1.821355207215941
2019-04-01,5313242.0,0.5717734939831886
2019-04-02,5563937.0,0.7886651820627907
2019-04-03,5721823.0,0.9252620869238212
2019-04-04,5740056.0,0.9410365784324487
2019-04-05,5613305.0,0.8313764800827503
2019-04-06,3468591.0,-1.0241477222665414
2019-04-07,2793579.0,-1.608142186272558
2019-04-08,5317951.0,0.575847539972007
2019-04-09,5586199.0,0.8079254096701546
2019-04-10,5709368.0,0.9144864991576852
2019-04-11,5701001.0,0.9072476920248663
2019-04-12,5636202.0,0.8511860853080586
2019-04-13,3486844.0,-1.0083559275258525
2019-04-14,2747684.0,-1.6478487780450837
2019-04-15,5315885.0,0.5740601161000811
2019-04-16,5654264.0,0.8668126341825625
2019-04-17,5766379.0,0.963810227309847
2019-04-18,5737100.0,0.9384791607337978
2019-04-19,4932162.0,0.24207771028836114
2019-04-20,3080234.0,-1.3601392869468503
2019-04-21,2578223.0,-1.7944599284615557
2019-04-22,4870849.0,0.1890320569198271
2019-04-23,5308793.0,0.5679243900111662
2019-04-24,5363744.0,0.6154658852610204
2019-04-25,5421828.0,0.6657179318132677
2019-04-26,5160168.0,0.43933974675609183
2019-04-27,3422975.0,-1.0636129339518128
2019-04-28,2710559.0,-1.6799679025587566
2019-04-29,5374788.0,0.6250207300052361
2019-04-30,5553604.0,0.779725467218352
2019-05-01,5697135.0,0.9039029772674291
2019-05-02,5730675.0,0.9329204974341251
2019-05-03,5690824.0,0.8984429423905055
2019-05-04,3473395.0,-1.019991485925432
2019-05-05,2621882.0,-1.7566878380334765
2019-05-06,5359329.0,0.6116461967835022
2019-05-07,5635043.0,0.8501833630101098
2019-05-08,5698279.0,0.9048927221413319
2019-05-09,5706773.0,0.9122414047977396
2019-05-10,5603461.0,0.822859829262209
2019-05-11,3473525.0,-1.019879014917034
2019-05-12,2341640.0,-1.9991424559987483
2019-05-13,5219212.0,0.49042234844727844
2019-05-14,5574179.0,0.7975261672013506
2019-05-15,5705561.0,0.9111928289348287
2019-05-16,5772387.0,0.9690081182210429
2019-05-17,5757322.0,0.9559744586709155
2019-05-18,3654537.0,-0.863274382823594
2019-05-19,2903866.0,-1.5127261085556707
2019-05-20,5387324.0,0.63586639586122
2019-05-21,5596639.0,0.8169576968061207
2019-05-22,5573261.0,0.7967319488497397
2019-05-23,5461820.0,0.7003174746429189
2019-05-24,5585198.0,0.8070593829054896
2019-05-25,3275007.0,-1.1916291660336755
2019-05-26,2785661.0,-1.614992535845602
2019-05-27,2742825.0,-1.6520525982743615
2019-05-28,5270943.0,0.5351780233352734
2019-05-29,5593009.0,0.8138171601870061
2019-05-30,5593213.0,0.8139936531540307
2019-05-31,5649154.0,0.8623916583909162
2019-06-01,3430506.0,-1.0570974019191537
2019-06-02,2780213.0,-1.6197059362590833
2019-06-03,5340075.0,0.5949883752781484
2019-06-04,5367051.0,0.6183269746823461
2019-06-05,5658414.0,0.8704030548352694
2019-06-06,5550387.0,0.7769422423413019
2019-06-07,5603969.0,0.8232993313565644
2019-06-08,3500740.0,-0.9963336418897044
2019-06-09,2852845.0,-1.5568675187054917
2019-06-10,5145146.0,0.42634328915489605
2019-06-11,5454653.0,0.6941168614337744
2019-06-12,5766018.0,0.9634979039711417
2019-06-13,5627696.0,0.8438270207124141
2019-06-14,5669835.0,0.8802840655038393
2019-06-15,3446076.0,-1.04362683575948
2019-06-16,2605449.0,-1.7709050386565925
2019-06-17,5230484.0,0.5001744500369921
2019-06-18,5471037.0,0.7082916691383405
2019-06-19,5584933.0,0.8068301150806783
2019-06-20,5577147.0,0.8000939668392383
2019-06-21,5584651.0,0.8065861395086148
2019-06-22,3495506.0,-1.0008618977201305
2019-06-23,2882022.0,-1.5316246986129547
2019-06-24,5257946.0,0.523933517980278
2019-06-25,5395677.0,0.6430930907315959
2019-06-26,5684822.0,0.8932502424489279
2019-06-27,5542079.0,0.7697544797430637
2019-06-28,5512921.0,0.7445280977209849
2019-06-29,3455962.0,-1.03507384815161
2019-06-30,3162733.0,-1.2887643198558467
2019-07-01,5206179.0,0.47914669727457276
2019-07-02,5327565.0,0.584165203623844
2019-07-03,5406547.0,0.6524973973568788
2019-07-04,2888573.0,-1.5259570249512964
2019-07-05,4145657.0,-0.4383762163278355
2019-07-06,2822388.0,-1.5832177456499479
2019-07-07,2492510.0,-1.8686155249448
2019-07-08,5028359.0,0.32530366101810637
2019-07-09,5349207.0,0.6028890310373096
2019-07-10,5507835.0,0.7401278858078121
2019-07-11,5488006.0,0.7229725963806978
2019-07-12,5378836.0,0.6285229041744306
2019-07-13,3362521.0,-1.1159154135033167
2019-07-14,2611398.0,-1.7657581922799774
2019-07-15,5098841.0,0.38628198112511497
2019-07-16,5423617.0,0.6672657059211453
2019-07-17,5450713.0,0.6907081247177105
2019-07-18,5283277.0,0.5458489265474389
2019-07-19,5231815.0,0.5013259801306675
2019-07-20,2928875.0,-1.4910892820246957
2019-07-21,2382241.0,-1.9640160297528324
2019-07-22,4935155.0,0.24466713896632541
2019-07-23,5113812.0,0.39923431548455457
2019-07-24,5434284.0,0.6764943847410066
2019-07-25,5524408.0,0.7544662090553569
2019-07-26,5393575.0,0.6412745210419599
2019-07-27,3312318.0,-1.159349121461833
2019-07-28,2676630.0,-1.7093219705890437
2019-07-29,5015530.0,0.3142045028124253
2019-07-30,5292238.0,0.5536016396724764
2019-07-31,5367284.0,0.6185285573358595
2019-08-01,5387668.0,0.6361640114526732
2019-08-02,5306253.0,0.5657268795393889
2019-08-03,3262694.0,-1.2022819008521766
2019-08-04,2688436.0,-1.699107872703295
2019-08-05,5039374.0,0.33483341607583317
2019-08-06,5255965.0,0.5222196328446124
2019-08-07,5284526.0,0.5469295133896631
2019-08-08,5302860.0,0.5627913862202
2019-08-09,5292870.0,0.5541484218056116
2019-08-10,3261172.0,-1.2035986768120368
2019-08-11,2729429.0,-1.6636423031089786
2019-08-12,4964742.0,0.27026467531611775
2019-08-13,5130129.0,0.41335115736171557
2019-08-14,5221270.0,0.49220285102637984
2019-08-15,5262686.0,0.5280343839787913
2019-08-16,5189140.0,0.46440520872000113
2019-08-17,3120808.0,-1.3250362200642167
2019-08-18,2536937.0,-1.8301789904055692
2019-08-19,4762117.0,0.094961305495701
2019-08-20,5065326.0,0.3572860899984955
2019-08-21,5108506.0,0.39464376801870815
2019-08-22,5091435.0,0.37987459429283854
2019-08-23,4992236.0,0.2940514284307015
2019-08-24,3118299.0,-1.3272069105262991
2019-08-25,2572339.0,-1.799550539333972
2019-08-26,4820648.0,0.14560007928451685
2019-08-27,5161446.0,0.44044542328480496
2019-08-28,5213244.0,0.4852590640002051
2019-08-29,5268598.0,0.5331492193760933
2019-08-30,5068522.0,0.3600511464818813
2019-08-31,3162713.0,-1.2887816230879081
2019-09-01,2704580.0,-1.6851407037834638
2019-09-02,2422608.0,-1.9290920513220327
2019-09-03,5126328.0,0.4100626781084773
2019-09-04,5425811.0,0.6691638704782632
2019-09-05,5624663.0,0.8412029855703274
2019-09-06,5650766.0,0.863786298895052
2019-09-07,3406055.0,-1.0782514682756201
2019-09-08,2785419.0,-1.615201904953543
2019-09-09,5424253.0,0.6678159487006927
2019-09-10,5684066.0,0.8925961802770132
2019-09-11,5776095.0,0.9722161374451964
2019-09-12,5778152.0,0.9739957748626947
2019-09-13,5776263.0,0.9723614845945108
2019-09-14,3385194.0,-1.0962996044770943
2019-09-15,2799004.0,-1.6034486845759472
2019-09-16,5422456.0,0.6662612532999905
2019-09-17,5706137.0,0.9116911620181922
2019-09-18,5804586.0,0.996865456678033
2019-09-19,5853952.0,1.0395750243747865
2019-09-20,5937209.0,1.1116057839609108
2019-09-21,3586596.0,-0.9220543272972223
2019-09-22,2875169.0,-1.537553651078738
2019-09-23,5485602.0,0.720892747886937
2019-09-24,5770133.0,0.9670580439677414
2019-09-25,5856750.0,1.0419957465401537
2019-09-26,5880394.0,1.0624516274829492
2019-09-27,5839175.0,1.0267905313663408
2019-09-28,3460281.0,-1.0313372151879858
2019-09-29,2794118.0,-1.6076758641685076
2019-09-30,4790683.0,0.11967551184876714
2019-10-01,5110722.0,0.3965609661310933
2019-10-02,5766417.0,0.9638431034507634
2019-10-03,5793901.0,0.9876212049493165
2019-10-04,5889150.0,1.0700269824793591
2019-10-05,3558064.0,-0.9467391181557843
2019-10-06,2785192.0,-1.615398296637438
2019-10-07,5444156.0,0.6850352600864337
2019-10-08,5609208.0,0.8278319129950057
2019-10-09,4958711.0,0.26504688568805146
2019-10-10,5768880.0,0.9659739964791049
2019-10-11,5808380.0,1.0001478798000498
2019-10-12,3493020.0,-1.0030126894653424
2019-10-13,2889700.0,-1.5249819878246456
2019-10-14,4332691.0,-0.27656158106075684
2019-10-15,5590144.0,0.8113384721942337
2019-10-16,5692407.0,0.8998124932081525
2019-10-17,5782329.0,0.9776095548786843
2019-10-18,5865041.0,1.0491688013911398
2019-10-19,3579164.0,-0.9284842083311783
2019-10-20,2704165.0,-1.6854997458487344
2019-10-21,5396379.0,0.6437004341769454
2019-10-22,5626579.0,0.8428606352017939
2019-10-23,5800562.0,0.9933840463873118
2019-10-24,5902043.0,1.0811815110276362
2019-10-25,5838981.0,1.0266226900153468
2019-10-26,3558975.0,-0.9459509559353949
2019-10-27,2454751.0,-1.9012831619148143
2019-10-28,5473994.0,0.7108499519985945
2019-10-29,5753986.0,0.9530882795631009
2019-10-30,5811028.0,1.0024388277249576
2019-10-31,5696923.0,0.9037195630075799
